id,orderShopId,orderName,orderNameOrig,hint,hintOrig,fragmentName,fragmentNameOrig,fragmentCount,fragmentColor,clearRewardName,clearRewardNameOrig,firstClearRewardAmount,clearRewardAmount,stars,unlockCondition,reacceptable
,,,,,,,,,,,,,,,,
int,int,string,string,string,string,string,string,int,green|orange|blue|violet|red,string,string,int,int,int,json,boolean
0,1,Getting started No.1,入門編 その1,Play a music in BASIC difficulty,BASICをプレー,Getting started fragment 1,入門のかけら1,1,green,Stamp ticket,スタンプチケット,3,0,1,{},FALSE
1,2,Getting started No.2,入門編 その2,Play a music of J-POP genre,J-POPの楽曲をプレー,Getting started fragment 2,入門のかけら2,1,green,Stamp ticket,スタンプチケット,3,0,1,{"anyOrdersCleared":[0]},FALSE
2,3,Getting started No.3,入門編 その3,Play via matching,マッチングをする,Getting started fragment 3,入門のかけら3,1,green,Stamp ticket,スタンプチケット,3,0,1,{"anyOrdersCleared":[1]},FALSE
3,4,Order of music vol. row A,名前編 あ行の巻,Play musics start with row A,「あ行」から始まる名前の楽曲をプレー,Row A fragment,あ行のかけら,10,orange,Stamp ticket,スタンプチケット,3,1,2,{"anyOrdersClearedCount":10},TRUE
4,5,Order of music vol. row K,名前編 か行の巻,Play musics start with row K,「か行」から始まる名前の楽曲をプレー,Row K fragment,か行のかけら,10,orange,Stamp ticket,スタンプチケット,3,1,2,{"anyOrdersClearedCount":10},TRUE
5,6,Order of music vol. row S,名前編 さ行の巻,Play musics start with row S,「さ行」から始まる名前の楽曲をプレー,Row S fragment,さ行のかけら,10,orange,Stamp ticket,スタンプチケット,3,1,2,{"anyOrdersClearedCount":10},TRUE
6,7,Order of music vol. row T,名前編 た行の巻,Play musics start with row T,「た行」から始まる名前の楽曲をプレー,Row T fragment,た行のかけら,10,orange,Stamp ticket,スタンプチケット,3,1,2,{"anyOrdersClearedCount":10},TRUE
7,8,Order of music vol. row N,名前編 な行の巻,Play musics start with row N,「な行」から始まる名前の楽曲をプレー,Row N fragment,な行のかけら,10,orange,Stamp ticket,スタンプチケット,3,1,2,{"anyOrdersClearedCount":10},TRUE
8,9,Order of music vol. row H,名前編 は行の巻,Play musics start with row H,「は行」から始まる名前の楽曲をプレー,Row H fragment,は行のかけら,10,orange,Stamp ticket,スタンプチケット,3,1,2,{"anyOrdersClearedCount":10},TRUE
9,10,Order of music vol. row M,名前編 ま行の巻,Play musics start with row M,「ま行」から始まる名前の楽曲をプレー,Row M fragment,ま行のかけら,10,orange,Stamp ticket,スタンプチケット,3,1,2,{"anyOrdersClearedCount":10},TRUE
10,11,Order of music vol. row Y,名前編 や行の巻,Play musics start with row Y,「や行」から始まる名前の楽曲をプレー,Row Y fragment,や行のかけら,10,orange,Stamp ticket,スタンプチケット,3,1,2,{"anyOrdersClearedCount":10},TRUE
11,12,Order of music vol. row R,名前編 ら行の巻,Play musics start with row R,「ら行」から始まる名前の楽曲をプレー,Row R fragment,ら行のかけら,10,orange,Stamp ticket,スタンプチケット,3,1,2,{"anyOrdersClearedCount":10},TRUE
12,13,Order of music vol. row W,名前編 わ行の巻,Play musics start with row W,「わ行」から始まる名前の楽曲をプレー,Row W fragment,わ行のかけら,10,orange,Stamp ticket,スタンプチケット,3,1,2,{"anyOrdersClearedCount":10},TRUE
13,14,Order of level 1,レベル編 ☆1,Play musics of level 1,レベル1の楽曲をプレー,Level 1 fragment,レベル1のかけら,8,orange,Stamp ticket,スタンプチケット,3,1,1,{"orderExperience":31900},TRUE
14,15,Order of level 2,レベル編 ☆2,Play musics of level 2,レベル2の楽曲をプレー,Level 2 fragment,レベル2のかけら,8,orange,Stamp ticket,スタンプチケット,3,1,1,"{""anyOrdersCleared"":[3,4,5,6,7,8,9,10,11,12]}",TRUE
15,16,Order of level 3,レベル編 ☆3,Play musics of level 3,レベル3の楽曲をプレー,Level 3 fragment,レベル3のかけら,8,orange,Stamp ticket,スタンプチケット,3,1,1,"{""anyOrdersCleared"":[3,4,5,6,7,8,9,10,11,12]}",TRUE
16,17,Order of level 4,レベル編 ☆4,Play musics of level 4,レベル4の楽曲をプレー,Level 4 fragment,レベル4のかけら,10,orange,Stamp ticket,スタンプチケット,3,1,2,"{""anyOrdersCleared"":[3,4,5,6,7,8,9,10,11,12]}",TRUE
17,18,Order of level 5,レベル編 ☆5,Play musics of level 5,レベル5の楽曲をプレー,Level 5 fragment,レベル5のかけら,10,orange,Stamp ticket,スタンプチケット,3,1,2,"{""anyOrdersCleared"":[3,4,5,6,7,8,9,10,11,12]}",TRUE
18,19,Order of level 6,レベル編 ☆6,Play musics of level 6,レベル6の楽曲をプレー,Level 6 fragment,レベル6のかけら,10,orange,Stamp ticket,スタンプチケット,3,1,2,"{""anyOrdersCleared"":[3,4,5,6,7,8,9,10,11,12]}",TRUE
19,20,Order of level 7,レベル編 ☆7,Play musics of level 7,レベル7の楽曲をプレー,Level 7 fragment,レベル7のかけら,18,orange,Stamp ticket,スタンプチケット,4,1,3,"{""anyOrdersCleared"":[13,14,15,16,17,18]}",TRUE
20,21,Order of level 8,レベル編 ☆8,Play musics of level 8,レベル8の楽曲をプレー,Level 8 fragment,レベル8のかけら,18,orange,Stamp ticket,スタンプチケット,4,1,3,{"anyOrdersCleared":[19]},TRUE
21,22,Order of level 9,レベル編 ☆9,Play musics of level 9,レベル9の楽曲をプレー,Level 9 fragment,レベル9のかけら,20,orange,Stamp ticket,スタンプチケット,4,1,3,{"anyOrdersCleared":[20]},TRUE
22,23,Order of level 10,レベル編 ☆10,Play musics of level 10,レベル10の楽曲をプレー,Level 10 fragment,レベル10のかけら,30,orange,Stamp ticket,スタンプチケット,5,1,4,{"anyOrdersCleared":[21]},TRUE
23,24,Order of level 10+,レベル編 ☆10+,Play musics of level 10+,レベル10+の楽曲をプレー,Level 10+ fragment,レベル10+のかけら,35,orange,Stamp ticket,スタンプチケット,10,1,4,{"anyOrdersCleared":[22]},TRUE
24,25,Order of difficulty "BASIC",難易度編 BASIC,Play musics in BASIC difficulty,BASICをプレー,BASIC fragment,BASICのかけら,7,orange,Stamp ticket,スタンプチケット,1,1,1,{"anyOrdersClearedCount":10},TRUE
25,26,Order of difficulty "MEDIUM",難易度編 MEDIUM,Play musics in MEDIUM difficulty,MEDIUMをプレー,MEDIUM fragment,MEDIUMのかけら,8,orange,Stamp ticket,スタンプチケット,3,1,2,{"anyOrdersCleared":[24]},TRUE
26,27,Order of difficulty "HARD",難易度編 HARD,Play musics in HARD difficulty,HARDをプレー,HARD fragment,HARDのかけら,10,orange,Stamp ticket,スタンプチケット,3,1,3,{"anyOrdersCleared":[25]},TRUE
27,28,Order of genre "J-POP",ジャンル編 J-POP好き,Play musics of J-POP genre,J-POPの楽曲をプレー,J-POP fragment,J-POPのかけら,9,orange,Stamp ticket,スタンプチケット,3,1,2,{},TRUE
28,29,Order of genre "Anime / Game",ジャンル編 アニメ・ゲーム好き,Play musics of Anime / Game genre,アニメ・ゲームの楽曲をプレー,Anime / Game fragment,アニメ・ゲームのかけら,10,orange,Stamp ticket,スタンプチケット,3,1,2,{},TRUE
29,30,Order of genre "Variety",ジャンル編 バラエティ好き,Play musics of Variety genre,バラエティの楽曲をプレー,Variety fragment,バラエティのかけら,8,orange,Stamp ticket,スタンプチケット,3,1,2,{},TRUE
30,31,Order of genre "KONAMI Original",ジャンル編 コナオリ好き,Play musics of KONAMI Original genre,コナミオリジナルの楽曲をプレー,KONAMI Original fragment,コナオリのかけら,11,orange,Stamp ticket,スタンプチケット,3,1,2,{},TRUE
31,32,Order of title "REFLEC BEAT",バージョン編 初代派,Play musics of REFLEC BEAT,初代REFLEC BEATの楽曲をプレー,REFLEC BEAT fragment,初代のかけら,12,orange,Stamp ticket,スタンプチケット,3,1,2,"{""anyOrdersCleared"":[27,28,29,30]}",TRUE
32,33,Order of title "limelight",バージョン編 ライムライト派,Play musics of REFLEC BEAT limelight,REFLEC BEAT limelightの楽曲をプレー,Limelight fragment,ライムライトのかけら,14,orange,Stamp ticket,スタンプチケット,3,1,2,"{""anyOrdersCleared"":[27,28,29,30]}",TRUE
33,34,Order of title "colette",バージョン編 コレット派,Play musics of REFLEC BEAT colette,REFLEC BEAT coletteの楽曲をプレー,Colette fragment,コレットのかけら,15,orange,Stamp ticket,スタンプチケット,3,1,2,"{""anyOrdersCleared"":[27,28,29,30]}",TRUE
34,35,Order of matching with anyone,マッチング編 誰とでも！,Matching with anyone,誰かとマッチングをする,Matching 1 fragment,マッチング1のかけら,12,orange,Stamp ticket,スタンプチケット,5,2,2,"{""anyOrdersCleared"":[27,28,29,30]}",TRUE
35,36,Order of matching with a team member,マッチング編 チームメンバーと！,Matching with team members,チームメンバーとマッチングする,Matching 2 fragment,マッチング2のかけら,12,orange,Stamp ticket,スタンプチケット,6,3,3,{"anyOrdersCleared":[34]},TRUE
36,37,Order of matching with a friend,マッチング編 お友達と！,Matching with friends,お気に入りプレイヤーとマッチングする,Matching 3 fragment,マッチング3のかけら,14,orange,Stamp ticket,スタンプチケット,7,4,3,{"anyOrdersCleared":[35]},TRUE
37,58,Winter gear - head ☆1,冬装備あたま編 ☆1,Play musics of level 1,レベル1の楽曲をプレー,Level 1 fragment,レベル1のかけら,8,blue,Warm hat,あったかい帽子,1,0,1,{},FALSE
38,59,Winter gear - head ☆2,冬装備あたま編 ☆2,Play musics of J-POP genre,J-POPの楽曲をプレー,J-POP fragment,J-POPのかけら,8,blue,Snow goggle,スノーゴーグル,1,0,1,"{""equipCondition"":{""index"":0,""season"":0,""experiences"":0}}",FALSE
39,60,Winter gear - head ☆3,冬装備あたま編 ☆3,Play musics of REFLEC BEAT colette,REFLEC BEAT coletteの曲をプレー,Colette fragment,コレットのかけら,10,blue,Hood for extreme cold,極寒地用フード,1,0,2,"{""equipCondition"":{""index"":0,""season"":0,""experiences"":1}}",FALSE
40,61,Winter gear - head ☆4,冬装備あたま編 ☆4,Play musics of REFLEC BEAT colette Winter,Winterバージョンの楽曲をプレー,Winter fragment,冬のかけら,10,blue,Safety helmet,安全メット,1,0,2,"{""equipCondition"":{""index"":0,""season"":0,""experiences"":2}}",FALSE
41,62,Winter gear - head ☆5,冬装備あたま編 ☆5,Play musics start with row M,「ま行」の楽曲をプレー,Row M fragment,ま行のかけら,12,blue,Fluffy hood,もふもふフード,1,0,3,"{""equipCondition"":{""index"":0,""season"":0,""experiences"":4}}",FALSE
42,63,Winter gear - head ☆6,冬装備あたま編 ☆6,Matching with friends,お気に入りプレイヤーとマッチング,Matching 3 fragment,マッチング3のかけら,14,blue,Hi-performance mask,高性能マスク,1,0,3,"{""equipCondition"":{""index"":0,""season"":0,""experiences"":7}}",FALSE
43,64,Winter gear - body ☆1,冬装備からだ編 ☆1,Play musics of level 3,レベル3の楽曲をプレー,Level 3 fragment,レベル3のかけら8個集める,8,blue,Casual clothing,カジュアルな服,1,0,1,{},FALSE
44,65,Winter gear - body ☆2,冬装備からだ編 ☆2,Play musics of REFLEC BEAT colette Winter,Winterバージョンの楽曲をプレー,Winter fragment,冬のかけら,8,blue,Snow wearing,スノーウェア,1,0,1,"{""equipCondition"":{""index"":1,""season"":0,""experiences"":0}}",FALSE
45,66,Winter gear - body ☆3,冬装備からだ編 ☆3,Play musics of REFLEC BEAT limelight,REFLEC BEAT limelightの楽曲をプレー,Limelight fragment,ライムライトのかけら,8,blue,Coat for extreme cold,極寒地用コート,1,0,2,"{""equipCondition"":{""index"":1,""season"":0,""experiences"":1}}",FALSE
46,67,Winter gear - body ☆4,冬装備からだ編 ☆4,Play musics of Anime / Game genre,アニメ・ゲームの楽曲をプレー,Anime / Game fragment,アニメ・ゲームのかけら,10,blue,Safety workwear,安全作業着,1,0,2,"{""equipCondition"":{""index"":1,""season"":0,""experiences"":2}}",FALSE
47,68,Winter gear - body ☆5,冬装備からだ編 ☆5,Play musics start with row K,「か行」から始まる名前の楽曲をプレー,Row K fragment,か行のかけら,12,blue,Fluffy suite,もこもこスーツ,1,0,3,"{""equipCondition"":{""index"":1,""season"":0,""experiences"":4}}",FALSE
48,69,Winter gear - body ☆6,冬装備からだ編 ☆6,Matching with team members,チームメンバーとマッチングする,Matching 2 fragment,マッチング2のかけら,14,blue,Hi-mobility armor,高機動アーマー,1,0,3,"{""equipCondition"":{""index"":1,""season"":0,""experiences"":7}}",FALSE
49,70,Winter gear - hand ☆1,冬装備もちもの編 ☆1,Play musics of level 2,レベル2の楽曲をプレー,Level 2 fragment,レベル2のかけら,8,blue,Handmade stock,手作りストック,1,0,1,{},FALSE
50,71,Winter gear - hand ☆2,冬装備もちもの編 ☆2,Play musics of KONAMI Original genre,コナミオリジナルの楽曲をプレー,KONAMI Original fragment,コナオリのかけら,8,blue,Snow stock,スノーストック,1,0,1,"{""equipCondition"":{""index"":2,""season"":0,""experiences"":0}}",FALSE
51,72,Winter gear - hand ☆3,冬装備もちもの編 ☆3,Play musics of REFLEC BEAT colette Winter,Winterバージョンの楽曲をプレー,Winter fragment,冬のかけら,8,blue,New stock,新鮮なストック,1,0,2,"{""equipCondition"":{""index"":2,""season"":0,""experiences"":1}}",FALSE
52,73,Winter gear - hand ☆4,冬装備もちもの編 ☆4,Play musics of REFLEC BEAT,初代REFLEC BEATの楽曲をプレー,REFLEC BEAT fragment,初代のかけら,10,blue,Boy's working gears,男の仕事道具,1,0,2,"{""equipCondition"":{""index"":2,""season"":0,""experiences"":2}}",FALSE
53,74,Winter gear - hand ☆5,冬装備もちもの編 ☆5,Play musics start with row H,「は行」から始まる名前の楽曲をプレー,Row H fragment,は行のかけら,12,blue,Pastel stick,パステルステッキ,1,0,3,"{""equipCondition"":{""index"":2,""season"":0,""experiences"":4}}",FALSE
54,75,Winter gear - hand ☆6,冬装備もちもの編 ☆6,Play via matching,マッチングをする,Matching 1 fragment,マッチング1のかけら,14,blue,Hi-power saber,高出力セイバー,1,0,3,"{""equipCondition"":{""index"":2,""season"":0,""experiences"":7}}",FALSE
55,76,Order of music seed No.1,楽曲のたね編 その1,Play musics of REFLEC BEAT colette Spring,Springバージョンの楽曲をプレー,Music fragment 1,楽曲のかけら1,3,violet,Sakura shaped seed,桜形のたね,1,0,2,"{""anyMusicsUnlocked"":[258, 259, 260, 261, 262, 263, 264, 265, 266, 267, 271, 272, 273, 275]}",FALSE
56,77,Order of music seed No.2,楽曲のたね編 その2,Play musics of REFLEC BEAT colette Spring,Springバージョンの楽曲をプレー,Music fragment 2,楽曲のかけら2,6,violet,Sharp seed,とがったたね,1,0,3,"{""anyOrdersCleared"":[55],""orderExperience"":4300}",FALSE
57,78,Order of music seed No.3,楽曲のたね編 その3,Play musics of REFLEC BEAT colette Spring,Springバージョンの楽曲をプレー,Music fragment 3,楽曲のかけら3,9,violet,Fairy seed,妖精のたね,1,0,4,"{""allOrdersCleared"":[56],""anyOrdersCleared"":[37,43,49,38,44,50,39,45,51,40,46,52,41,47,53,42,48,54],""anyOrdersClearedCount"":3}",FALSE
58,38,Order of artist vol. row A,アーティスト編 あ行推し,Play musics which artist name start with row A,「あ行」で始まるアーティスト名の楽曲をプレー,Artist name row A fragment,アーティストあ行のかけら,15,orange,Stamp ticket,スタンプチケット,3,1,2,{},TRUE
59,39,Order of artist vol. row K,アーティスト編 か行推し,Play musics which artist name start with row K,「か行」で始まるアーティスト名の楽曲をプレー,Artist name row K fragment,アーティストか行のかけら,15,orange,Stamp ticket,スタンプチケット,3,1,2,"{""anyOrdersCleared"":[3,4,5,6,7,8,9,10,11,12]}",TRUE
60,40,Order of artist vol. row S,アーティスト編 さ行推し,Play musics which artist name start with row S,「さ行」で始まるアーティスト名の楽曲をプレー,Artist name row S fragment,アーティストさ行のかけら,15,orange,Stamp ticket,スタンプチケット,3,1,2,"{""anyOrdersCleared"":[24,25,26]}",TRUE
61,41,Order of artist vol. row T,アーティスト編 た行推し,Play musics which artist name start with row T,「た行」で始まるアーティスト名の楽曲をプレー,Artist name row T fragment,アーティストた行のかけら,15,orange,Stamp ticket,スタンプチケット,3,1,2,"{""anyOrdersCleared"":[24,25,26]}",TRUE
62,42,Order of artist vol. row N,アーティスト編 な行推し,Play musics which artist name start with row N,「な行」で始まるアーティスト名の楽曲をプレー,Artist name row N fragment,アーティストな行のかけら,15,orange,Stamp ticket,スタンプチケット,3,1,2,"{""anyOrdersCleared"":[24,25,26]}",TRUE
63,43,Order of artist vol. row H,アーティスト編 は行推し,Play musics which artist name start with row H,「は行」で始まるアーティスト名の楽曲をプレー,Artist name row H fragment,アーティストは行のかけら,15,orange,Stamp ticket,スタンプチケット,3,1,2,"{""anyOrdersCleared"":[24,25,26]}",TRUE
64,44,Order of artist vol. row M,アーティスト編 ま行推し,Play musics which artist name start with row M,「ま行」で始まるアーティスト名の楽曲をプレー,Artist name row M fragment,アーティストま行のかけら,15,orange,Stamp ticket,スタンプチケット,3,1,2,"{""anyOrdersCleared"":[24,25,26]}",TRUE
65,45,Order of artist vol. row Y,アーティスト編 や行推し,Play musics which artist name start with row Y,「や行」で始まるアーティスト名の楽曲をプレー,Artist name row Y fragment,アーティストや行のかけら,15,orange,Stamp ticket,スタンプチケット,3,1,2,"{""anyOrdersCleared"":[24,25,26]}",TRUE
66,46,Order of artist vol. row R,アーティスト編 ら行推し,Play musics which artist name start with row R,「ら行」で始まるアーティスト名の楽曲をプレー,Artist name row R fragment,アーティストら行のかけら,15,orange,Stamp ticket,スタンプチケット,3,1,2,"{""anyOrdersCleared"":[24,25,26]}",TRUE
67,47,Order of artist vol. row W,アーティスト編 わ行推し,Play musics which artist name start with row W,「わ行」で始まるアーティスト名の楽曲をプレー,Artist name row W fragment,アーティストわ行のかけら,15,orange,Stamp ticket,スタンプチケット,3,1,2,"{""anyOrdersCleared"":[24,25,26]}",TRUE
68,48,Order of artist vol. VENUS,アーティスト編 VENUS推し,Play musics composed by VENUS,VENUSの楽曲をプレー,VENUS fragment,VENUSのかけら,25,orange,Stamp ticket,スタンプチケット,4,2,3,"{""anyOrdersCleared"":[58,59,60,61,62,63,64,65,66,67]}",TRUE
69,49,Order of artist vol. MAX MAXIMIZER,アーティスト編 マキシマイザー推し,Play musics composed by MAX MAXIMIZER,MAX MAXIMIZERの楽曲をプレー,MAX MAXIMIZER fragment,MAX MAXIMIZERのかけら,30,orange,Stamp ticket,スタンプチケット,5,2,4,{"anyOrdersCleared":[68]},TRUE
70,142,Test your might "REFLEC BEAT" primary 1st,腕試し編・初代 初級1ST,Clear level 6 musics of REFLEC BEAT,初代REFLEC BEATの楽曲でレベル6の楽曲をクリア,Test your might primary 1 fragment,腕試し初級1のかけら,15,red,Stamp ticket,スタンプチケット,3,0,2,{},FALSE
71,143,Test your might "REFLEC BEAT" primary 2nd,腕試し編・初代 初級2ND,Clear level 4 musics of REFLEC BEAT with full combo,初代REFLEC BEATの楽曲でレベル4の楽曲をフルコンボクリア,Test your might primary 2 fragment,腕試し初級2のかけら,15,red,Stamp ticket,スタンプチケット,4,0,2,{"anyOrdersCleared":[70]},FALSE
72,144,Test your might "REFLEC BEAT" primary final,腕試し編・初代 初級FINAL,Clear level 8 musics of REFLEC BEAT,初代REFLEC BEATの楽曲でレベル8の楽曲をクリア,Test your might primary 3 fragment,腕試し初級3のかけら,15,red,Byword left part "REFLEC BEAT primary",通り名 前パーツ「初代初級の」,1,0,2,{"anyOrdersCleared":[71]},FALSE
73,145,Test your might "REFLEC BEAT" intermediate 1st,腕試し編・初代 中級1ST,Clear level 7 musics of REFLEC BEAT with AA rank or above,初代REFLEC BEATの楽曲でレベル7の楽曲をランクAA以上でクリア,Test your might intermediate 1 fragment,腕試し中級1のかけら,15,red,Stamp ticket,スタンプチケット,3,0,3,{},FALSE
74,146,Test your might "REFLEC BEAT" intermediate 2nd,腕試し編・初代 中級2ND,Clear level 10 musics of REFLEC BEAT,初代REFLEC BEATの譜面でレベル10の楽曲をクリア,Test your might intermediate 2 fragment,腕試し中級2のかけら,15,red,Stamp ticket,スタンプチケット,4,0,3,{"anyOrdersCleared":[73]},FALSE
75,147,Test your might "REFLEC BEAT" intermediate final,腕試し編・初代 中級FINAL,Clear FLOWER (HARD),FLOWERのHARDをクリア,Test your might intermediate 3 fragment,腕試し中級3のかけら,10,red,Byword left part "REFLEC BEAT intermediate",通り名 前パーツ「初代中級の」,1,0,3,{"anyOrdersCleared":[74]},FALSE
76,148,Test your might "REFLEC BEAT" advanced 1st,腕試し編・初代 上級1ST,Clear level 9 musics of REFLEC BEAT with AA rank or above,初代REFLEC BEATの楽曲でレベル9の楽曲をランクAA以上でクリア,Test your might advanced 1 fragment,腕試し上級1のかけら,15,red,Stamp ticket,スタンプチケット,3,0,4,{},FALSE
77,149,Test your might "REFLEC BEAT" advanced 2nd,腕試し編・初代 上級2ND,Clear level 6 musics of REFLEC BEAT with AAA rank or above,初代REFLEC BEATの楽曲でレベル6の楽曲をランクAAA以上でクリア,Test your might advanced 2 fragment,腕試し上級2のかけら,15,red,Stamp ticket,スタンプチケット,4,0,4,{"anyOrdersCleared":[76]},FALSE
78,150,Test your might "REFLEC BEAT" advanced 3rd,腕試し編・初代 上級3RD,Clear level 10+ musics of REFLEC BEAT with AA rank or above,初代REFLEC BEATの楽曲でレベル10+の楽曲をランクAA以上でクリア,Test your might advanced 3 fragment,腕試し上級3のかけら,15,red,Stamp ticket,スタンプチケット,5,0,4,{"anyOrdersCleared":[77]},FALSE
79,151,Test your might "REFLEC BEAT" advanced final,腕試し編・初代 上級FINAL,Clear Sakura Reflection (HARD),Sakura ReflectionのHARDをランクAAA以上でクリア,Test your might advanced 4 fragment,腕試し上級4のかけら,10,red,Byword left part "REFLEC BEAT advanced",通り名 前パーツ「初代上級の」,1,0,4,{"anyOrdersCleared":[78]},FALSE
80,152,Test your might "REFLEC BEAT" elite 1st,腕試し編・初代 超上級1ST,Clear level 10 musics of REFLEC BEAT with full combo,初代REFLEC BEATの楽曲でレベル10の楽曲をフルコンボクリア,Test your might elite 1 fragment,腕試し超上級1のかけら,15,red,Stamp ticket,スタンプチケット,3,0,5,{},FALSE
81,153,Test your might "REFLEC BEAT" elite 2nd,腕試し編・初代 超上級2ND,Clear THE FALLEN (HARD) with AAA rank or above,THE FALLENのHARDをランクAAA以上でクリア,Test your might elite 2 fragment,腕試し超上級2のかけら,10,red,Stamp ticket,スタンプチケット,4,0,5,{"anyOrdersCleared":[80]},FALSE
82,154,Test your might "REFLEC BEAT" elite 3rd,腕試し編・初代 超上級3RD,Clear Broken (HARD) with AAA+ rank,BrokenのHARDをランクAAA+でクリア,Test your might elite 3 fragment,腕試し超上級3のかけら,10,red,Stamp ticket,スタンプチケット,5,0,5,{"anyOrdersCleared":[81]},FALSE
83,155,Test your might "REFLEC BEAT" elite final,腕試し編・初代 超上級FINAL,Clear DEADLOCK (HARD) with AAA+ rank,DEADLOCKのHARDをランクAAA+でクリア,Test your might elite 4 fragment,腕試し超上級4のかけら,10,red,Byword left part "REFLEC BEAT elite",通り名 前パーツ「初代超上級の」,1,0,6,{"anyOrdersCleared":[82]},FALSE
84,226,Test your might "REFLEC BEAT" legendary,腕試し編・初代 伝説級,Clear DEADLOCK (HARD) with AAA+ rank and fullcombo,DEADLOCKのHARDをランクAAA+でフルコンボクリア,Test your might legendary fragment,腕試し伝説級のかけら,1,red,Byword left part "REFLEC BEAT legendary",通り名 前パーツ「初代伝説級の」,1,0,7,{"anyOrdersCleared":[83]},FALSE
85,156,Test your might "limelight" primary 1st,腕試し編・ライムライト 初級1ST,Clear level 5 musics of REFLEC BEAT limelight with AA rank or above,REFLEC BEAT limelightの楽曲でレベル5の楽曲をランクAA以上でクリア,Test your might primary 1 fragment,腕試し初級1のかけら,15,red,Stamp ticket,スタンプチケット,3,0,2,{},FALSE
86,157,Test your might "limelight" primary 2nd,腕試し編・ライムライト 初級2ND,Clear level 6 musics of REFLEC BEAT limelight with AA rank or above,REFLEC BEAT limelightの楽曲でレベル6の楽曲をランクAA以上でクリア,Test your might primary 2 fragment,腕試し初級2のかけら,15,red,Stamp ticket,スタンプチケット,4,0,2,{"anyOrdersCleared":[85]},FALSE
87,158,Test your might "limelight" primary final,腕試し編・ライムライト 初級FINAL,Clear level 8 musics of REFLEC BEAT limelight,REFLEC BEAT limelightの楽曲でレベル8の楽曲をクリア,Test your might primary 3 fragment,腕試し初級3のかけら,15,red,Byword left part "Limelight primary",通り名 前パーツ「二代初級の」,1,0,2,{"anyOrdersCleared":[86]},FALSE
88,159,Test your might "limelight" intermediate 1st,腕試し編・ライムライト 中級1ST,Clear level 9 musics of REFLEC BEAT limelight,REFLEC BEAT limelightの楽曲でレベル9の楽曲をクリア,Test your might intermediate 1 fragment,腕試し中級1のかけら,15,red,Stamp ticket,スタンプチケット,3,0,3,{},FALSE
89,160,Test your might "limelight" intermediate 2nd,腕試し編・ライムライト 中級2ND,Clear level 7 musics of REFLEC BEAT limelight with full combo,REFLEC BEAT limelightの楽曲でレベル7の楽曲をフルコンボクリア,Test your might intermediate 2 fragment,腕試し中級2のかけら,15,red,Stamp ticket,スタンプチケット,4,0,3,{"anyOrdersCleared":[88]},FALSE
90,161,Test your might "limelight" intermediate final,腕試し編・ライムライト 中級FINAL,Clear DRAGON KILLER (HARD),DRAGON KILLERのHARDをクリア,Test your might intermediate 3 fragment,腕試し中級3のかけら,10,red,Byword left part "Limelight intermediate",通り名 前パーツ「二代中級の」,1,0,3,{"anyOrdersCleared":[89]},FALSE
91,162,Test your might "limelight" advanced 1st,腕試し編・ライムライト 上級1ST,Clear level 7 musics of REFLEC BEAT limelight with AAA rank or above,REFLEC BEAT limelightの楽曲でレベル7の楽曲をランクAAA以上でクリア,Test your might advanced 1 fragment,腕試し上級1のかけら,15,red,Stamp ticket,スタンプチケット,3,0,4,{},FALSE
92,163,Test your might "limelight" advanced 2nd,腕試し編・ライムライト 上級2ND,Clear level 8 musics of REFLEC BEAT limelight with AA rank or above and full combo,REFLEC BEAT limelightの楽曲でレベル8の楽曲をランクAA以上でフルコンボクリア,Test your might advanced 2 fragment,腕試し上級2のかけら,15,red,Stamp ticket,スタンプチケット,4,0,4,{"anyOrdersCleared":[91]},FALSE
93,164,Test your might "limelight" advanced 3rd,腕試し編・ライムライト 上級3RD,Clear level 9 musics of REFLEC BEAT limelight with AAA rank or above,REFLEC BEAT limelightの楽曲でレベル9の楽曲をランクAAA以上でクリア,Test your might advanced 3 fragment,腕試し上級3のかけら,15,red,Stamp ticket,スタンプチケット,5,0,4,{"anyOrdersCleared":[92]},FALSE
94,165,Test your might "limelight" advanced final,腕試し編・ライムライト 上級FINAL,Clear Fly to Next World (HARD) with AAA rank or above,Fly to Next WorldのHARDをランクAAA以上でクリア,Test your might advanced 4 fragment,腕試し上級4のかけら,10,red,Byword left part "Limelight advanced",通り名 前パーツ「二代上級の」,1,0,4,{"anyOrdersCleared":[93]},FALSE
95,166,Test your might "limelight" elite 1st,腕試し編・ライムライト 超上級1ST,Clear level 9 musics of REFLEC BEAT limelight with AAA+ rank and full combo,REFLEC BEAT limelightの楽曲でレベル9の楽曲をランクAAA+でフルコンボクリア,Test your might elite 1 fragment,腕試し超上級1のかけら,15,red,Stamp ticket,スタンプチケット,3,0,5,"{""anyOrdersCleared"":[85,86,87,88,89,90,91,92,93,94],""anyOrdersClearedCount"":10}",FALSE
96,167,Test your might "limelight" elite 2nd,腕試し編・ライムライト 超上級2ND,Clear quaver♪ (HARD) with AAA rank or above,quaver♪のHARDをランクAAA以上でクリア,Test your might elite 2 fragment,腕試し超上級2のかけら,10,red,Stamp ticket,スタンプチケット,4,0,5,{"anyOrdersCleared":[95]},FALSE
97,168,Test your might "limelight" elite 3rd,腕試し編・ライムライト 超上級3RD,Clear 量子の海のリントヴルム (HARD) with AAA rank or above,量子の海のリントヴルムのHARDをランクAAA以上でクリア,Test your might elite 3 fragment,腕試し超上級3のかけら,10,red,Stamp ticket,スタンプチケット,5,0,5,{"anyOrdersCleared":[96]},FALSE
98,169,Test your might "limelight" elite final,腕試し編・ライムライト 超上級FINAL,Clear VALLIS-NERIA (HARD) with AAA+ rank,VALLIS-NERIAのHARDをランクAAA+でクリア,Test your might elite 4 fragment,腕試し超上級4のかけら,10,red,Byword left part "Limelight elite",通り名 前パーツ「二代超上級の」,1,0,6,{"anyOrdersCleared":[97]},FALSE
99,227,Test your might "limelight" legendary,腕試し編・ライムライト 伝説級,Clear HAERETICUS (HARD) with AAA+ rank,HAERETICUSのHARDをランクAAA+でクリア,Test your might legendary fragment,腕試し伝説級のかけら,1,red,Byword left part "Limelight legendary",通り名 前パーツ「二代伝説級の」,1,0,7,{"anyOrdersCleared":[98]},FALSE
100,79,Spring gear - head ☆1,春装備あたま編 ☆1,Play musics of level 5,レベル5の楽曲をプレー,Level 5 fragment,レベル5のかけら,8,blue,Colorful hat,カラフルな帽子,1,0,1,{},FALSE
101,80,Spring gear - head ☆2,春装備あたま編 ☆2,Play musics of REFLEC BEAT colette Spring,Springバージョンの楽曲をプレー,Spring fragment,春かけら,10,blue,Stylish sun hat,おしゃれなバイザー,1,0,1,"{""equipCondition"":{""index"":0,""season"":1,""experiences"":0}}",FALSE
102,81,Spring gear - head ☆3,春装備あたま編 ☆3,Play musics of REFLEC BEAT colette,REFLEC BEAT coletteの曲をプレー,Colette fragment,コレットのかけら,10,blue,Gardener's hat,庭師の麦わら帽子,1,0,2,"{""equipCondition"":{""index"":0,""season"":1,""experiences"":1}}",FALSE
103,82,Spring gear - head ☆4,春装備あたま編 ☆4,Play musics of J-POP genre,J-POPの楽曲をプレー,J-POP fragment,J-POPのかけら,12,blue,Firefighter helmet,消防メット,1,0,2,"{""equipCondition"":{""index"":0,""season"":1,""experiences"":2}}",FALSE
104,83,Spring gear - head ☆5,春装備あたま編 ☆5,Play musics which artist name start with row T,「た行」で始まるアーティスト名の楽曲をプレー,Artist name row T fragment,アーティストた行のかけら,12,blue,Bee hood,みつばちフード,1,0,3,"{""equipCondition"":{""index"":0,""season"":1,""experiences"":4}}",FALSE
105,84,Spring gear - head ☆6,春装備あたま編 ☆6,Matching with friends,フレンドとマッチングする,Matching 3 fragment,マッチング3のかけら,14,blue,Raijin head,雷神ヘッド,1,0,3,"{""equipCondition"":{""index"":0,""season"":1,""experiences"":7}}",FALSE
106,85,Spring gear - body ☆1,春装備からだ編 ☆1,Play musics of level 6,レベル6の楽曲をプレー,Level 6 fragment,レベル6のかけら8個集める,8,blue,Casual clothing,カジュアルな春服,1,0,1,{},FALSE
107,86,Spring gear - body ☆2,春装備からだ編 ☆2,Play musics of REFLEC BEAT,初代REFLEC BEATの楽曲をプレー,REFLEC BEAT fragment,初代のかけら,10,blue,Stylish apron,おしゃれなエプロン,1,0,1,"{""equipCondition"":{""index"":1,""season"":1,""experiences"":0}}",FALSE
108,87,Spring gear - body ☆3,春装備からだ編 ☆3,Play musics of Variety genre,バラエティの楽曲をプレー,Variety fragment,バラエティのかけら,10,blue,Gardener's clothing,庭師の服,1,0,2,"{""equipCondition"":{""index"":1,""season"":1,""experiences"":1}}",FALSE
109,88,Spring gear - body ☆4,春装備からだ編 ☆4,Play musics of REFLEC BEAT colette Spring,Springバージョンの楽曲をプレー,Spring fragment,春のかけら,12,blue,Firefighter uniform,消防服,1,0,2,"{""equipCondition"":{""index"":1,""season"":1,""experiences"":2}}",FALSE
110,89,Spring gear - body ☆5,春装備からだ編 ☆5,Play musics which artist name start with row H,「は行」で始まるアーティスト名の楽曲をプレー,Artist name row H fragment,アーティストは行のかけら,12,blue,Bee suit,みつばちスーツ,1,0,3,"{""equipCondition"":{""index"":1,""season"":1,""experiences"":4}}",FALSE
111,90,Spring gear - body ☆6,春装備からだ編 ☆6,Matching with team members,チームメンバーとマッチングする,Matching 2 fragment,マッチング2の欠片,14,blue,Raijin body,雷神ボディ,1,0,3,"{""equipCondition"":{""index"":1,""season"":1,""experiences"":7}}",FALSE
112,91,Spring gear - hand ☆1,春装備もちもの編 ☆1,Play musics of level 4,レベル4の楽曲をプレー,Level 4 fragment,レベル4のかけら,8,blue,Normal watering can,ふつうのじょうろ,1,0,1,{},FALSE
113,92,Spring gear - hand ☆2,春装備もちもの編 ☆2,Play musics of KONAMI Original genre,コナミオリジナルの楽曲をプレー,KONAMI Original fragment,コナオリのかけら,10,blue,Stylish watering can,おしゃれなじょうろ,1,0,1,"{""equipCondition"":{""index"":2,""season"":1,""experiences"":0}}",FALSE
114,93,Spring gear - hand ☆3,春装備もちもの編 ☆3,Play musics of REFLEC BEAT colette Spring,Springバージョンの楽曲をプレー,Spring fragment,春のかけら,10,blue,Fire hose,水やりホース,1,0,2,"{""equipCondition"":{""index"":2,""season"":1,""experiences"":1}}",FALSE
115,94,Spring gear - hand ☆4,春装備もちもの編 ☆4,Play musics of REFLEC BEAT limelight,REFLEC BEAT limelightの楽曲をプレー,Limelight fragment,ライムライトのかけら,12,blue,Authentic hose,本格的なホース,1,0,2,"{""equipCondition"":{""index"":2,""season"":1,""experiences"":2}}",FALSE
116,95,Spring gear - hand ☆5,春装備もちもの編 ☆5,Play musics which artist name start with row S,「さ行」で始まるアーティスト名の楽曲をプレー,Artist name row S fragment,アーティストさ行のかけら,12,blue,Bee syringe,みつばち注射器,1,0,3,"{""equipCondition"":{""index"":2,""season"":1,""experiences"":4}}",FALSE
117,96,Spring gear - hand ☆6,春装備もちもの編 ☆6,Play via matching,マッチングをする,Matching 1 fragment,マッチングのかけら1,14,blue,Raijin drum,雷神ドラム,1,0,3,"{""equipCondition"":{""index"":2,""season"":1,""experiences"":7}}",FALSE
118,97,Order of lure No.1,魚のえさ編 その1,Play musics of REFLEC BEAT colette Spring,Summerバージョンの楽曲をプレー,Lure fragment 1,魚のえさのかけら1,12,violet,Silver lure,銀の魚のえさ,3,1,2,{},TRUE
119,98,Order of lure No.2,魚のえさ編 その2,Play musics of REFLEC BEAT colette Spring via matching,Summerバージョンの楽曲をマッチングする,Lure fragment 2,魚のえさのかけら2,15,violet,Golden lure,金の魚のえさ,3,1,2,{"anyOrdersCleared":[118]},TRUE
120,50,Order of artist vol. HinaBitter♪,アーティスト編 ひなビタ♪推し,Play musics by HinaBitter♪,ひなビタ♪の楽曲をプレー,HinaBitter♪ fragment,ひなビタ♪のかけら,25,orange,Stamp ticket,スタンプチケット,4,2,3,{},TRUE
121,170,Test your might "colette Winter" primary 1st,腕試し編・コレット冬 初級1ST,Clear musics of REFLEC BEAT colette Winter in HARD difficulty,REFLEC BEAT colette Winterの楽曲でHARDをクリア,Test your might primary 1 fragment,腕試し初級1のかけら,15,red,Stamp ticket,スタンプチケット,3,0,2,{},FALSE
122,171,Test your might "colette Winter" primary 2nd,腕試し編・コレット冬 初級2ND,Clear level 6 musics of REFLEC BEAT colette Winter with AA rank or above,REFLEC BEAT colette Winterの楽曲でレベル6の楽曲をランクAA以上でクリア,Test your might primary 2 fragment,腕試し初級2のかけら,15,red,Stamp ticket,スタンプチケット,4,0,2,{"anyOrdersCleared":[121]},FALSE
123,172,Test your might "colette Winter" primary final,腕試し編・コレット冬 初級FINAL,Clear level 7 musics of REFLEC BEAT colette Winter with AA rank or above,REFLEC BEAT colette Winterの楽曲でレベル7の楽曲をランクAA以上でクリア,Test your might primary 3 fragment,腕試し初級3のかけら,15,red,Byword left part "Colette Winter primary",通り名 前パーツ「三代冬初級の」,1,0,2,{"anyOrdersCleared":[122]},FALSE
124,173,Test your might "colette Winter" intermediate 1st,腕試し編・コレット冬 中級1ST,Clear level 9 musics of REFLEC BEAT colette Winter,REFLEC BEAT colette Winterの楽曲でレベル9の楽曲をクリア,Test your might intermediate 1 fragment,腕試し中級1のかけら,15,red,Stamp ticket,スタンプチケット,3,0,3,{},FALSE
125,174,Test your might "colette Winter" intermediate 2nd,腕試し編・コレット冬 中級2ND,Clear level 8 musics of REFLEC BEAT colette Winter with AA rank or above,REFLEC BEAT colette Winterの楽曲でレベル8の楽曲をランクAA以上でクリア,Test your might intermediate 2 fragment,腕試し中級2のかけら,15,red,Stamp ticket,スタンプチケット,4,0,3,{"anyOrdersCleared":[124]},FALSE
126,175,Test your might "colette Winter" intermediate final,腕試し編・コレット冬 中級FINAL,Clear 梅雪夜 (HARD),梅雪夜のHARDをクリア,Test your might intermediate 3 fragment,腕試し中級3のかけら,10,red,Byword left part "Colette Winter intermediate",通り名 前パーツ「三代冬中級の」,1,0,3,{"anyOrdersCleared":[125]},FALSE
127,176,Test your might "colette Winter" advanced 1st,腕試し編・コレット冬 上級1ST,Clear level 9 musics of REFLEC BEAT colette Winter with AA rank or above,REFLEC BEAT colette Winterの楽曲でレベル9の楽曲をランクAA以上でクリア,Test your might advanced 1 fragment,腕試し上級1のかけら,15,red,Stamp ticket,スタンプチケット,3,0,4,{},FALSE
128,177,Test your might "colette Winter" advanced 2nd,腕試し編・コレット冬 上級2ND,Clear level 7 musics of REFLEC BEAT colette Winter with AA rank or above and full combo,REFLEC BEAT colette Winterの楽曲でレベル7の楽曲をランクAA以上でフルコンボクリア,Test your might advanced 2 fragment,腕試し上級2のかけら,15,red,Stamp ticket,スタンプチケット,4,0,4,{"anyOrdersCleared":[127]},FALSE
129,178,Test your might "colette Winter" advanced 3rd,腕試し編・コレット冬 上級3RD,Clear level 10 musics of REFLEC BEAT colette Winter with AA rank or above,REFLEC BEAT colette Winterの楽曲でレベル10の楽曲をランクAA以上でクリア,Test your might advanced 3 fragment,腕試し上級3のかけら,15,red,Stamp ticket,スタンプチケット,5,0,4,{"anyOrdersCleared":[128]},FALSE
130,179,Test your might "colette Winter" advanced final,腕試し編・コレット冬 上級FINAL,Clear Daily Lunch Special (HARD) with AA rank or above,Daily Lunch SpecialのHARDをランクAA以上でクリア,Test your might advanced 4 fragment,腕試し上級4のかけら,10,red,Byword left part "Colette Winter advanced",通り名 前パーツ「三代冬上級の」,1,0,4,{"anyOrdersCleared":[129]},FALSE
131,180,Test your might "colette Winter" elite 1st,腕試し編・コレット冬 超上級1ST,Clear December Breeze (HARD) with AA rank or above,December BreezeのHARDをランクAA以上でクリア,Test your might elite 1 fragment,腕試し超上級1のかけら,10,red,Stamp ticket,スタンプチケット,3,0,5,{},FALSE
132,181,Test your might "colette Winter" elite 2nd,腕試し編・コレット冬 超上級2ND,Clear level 10 musics of REFLEC BEAT colette Winter with full combo,REFLEC BEAT colette Winterの楽曲でレベル10の楽曲をフルコンボクリア,Test your might elite 2 fragment,腕試し超上級2のかけら,15,red,Stamp ticket,スタンプチケット,4,0,5,{"anyOrdersCleared":[131]},FALSE
133,182,Test your might "colette Winter" elite 3rd,腕試し編・コレット冬 超上級3RD,Clear GLITTER (HARD) with AAA rank or above,GLITTERのHARDをランクAAA以上でクリア,Test your might elite 3 fragment,腕試し超上級3のかけら,10,red,Stamp ticket,スタンプチケット,5,0,5,{"anyOrdersCleared":[132]},FALSE
134,183,Test your might "colette Winter" elite final,腕試し編・コレット冬 超上級FINAL,Clear Valanga (HARD) with AAA+ rank,ValangaのHARDをランクAAA+でクリア,Test your might elite 4 fragment,腕試し超上級4のかけら,10,red,Byword left part "Colette Winter elite",通り名 前パーツ「三代冬超上級の」,1,0,6,{"anyOrdersCleared":[133]},FALSE
135,51,"Order of matching, Hokaidou / Tohoku region",マッチング編 北海道・東北エリア,Play with Hokaidou / Tohoku region players via matching,北海道・東北エリアのプレイヤーとマッチングする,Regional matching 1 fragment,エリアマッチング1のかけら,15,orange,Stamp ticket,スタンプチケット,3,2,3,{},TRUE
136,52,"Order of matching, Kanto region",マッチング編 関東エリア,Play with Kanto region players via matching,関東エリアのプレイヤーとマッチングする,Regional matching 2 fragment,エリアマッチング2のかけら,15,orange,Stamp ticket,スタンプチケット,3,2,3,{},TRUE
137,53,"Order of matching, Chubu region",マッチング編 中部エリア,Play with Chubu region players via matching,中部エリアのプレイヤーとマッチングする,Regional matching 3 fragment,エリアマッチング3のかけら,15,orange,Stamp ticket,スタンプチケット,3,2,3,{},TRUE
138,54,"Order of matching, Kinki region",マッチング編 近畿エリア,Play with Kinki region players via matching,近畿エリアのプレイヤーとマッチングする,Regional matching 4 fragment,エリアマッチング4のかけら,15,orange,Stamp ticket,スタンプチケット,3,2,3,{},TRUE
139,55,"Order of matching, Chugoku / Shigoku region",マッチング編 中国・四国エリア,Play with Chugoku / Shigoku region players via matching,中国・四国エリアのプレイヤーとマッチングする,Regional matching 5 fragment,エリアマッチング5のかけら,15,orange,Stamp ticket,スタンプチケット,3,2,3,{},TRUE
140,56,"Order of matching, Kyushu / Okinawa region",マッチング編 九州・沖縄エリア,Play with Kyushu / Okinawa region players via matching,九州・沖縄エリアのプレイヤーとマッチングする,Regional matching 6 fragment,エリアマッチング6のかけら,15,orange,Stamp ticket,スタンプチケット,3,2,3,{},TRUE
141,57,Order of matching with overseaers,マッチング編 海外エリア,Play with oversea players via matching,海外エリア(台湾・香港・韓国)のプレイヤーとマッチングする,Regional matching 7 fragment,エリアマッチング7のかけら,15,orange,Stamp ticket,スタンプチケット,3,2,3,{},TRUE
142,184,Test your might "colette Spring" primary 1st,腕試し編・コレット春 初級1ST,Clear musics of REFLEC BEAT colette Spring with AA rank or above,REFLEC BEAT colette Springの楽曲をランクAA以上でクリア,Test your might primary 1 fragment,腕試し初級のかけら1,15,red,Stamp ticket,スタンプチケット,3,0,2,{},FALSE
143,185,Test your might "colette Spring" primary 2nd,腕試し編・コレット春 初級2ND,Clear level 8 musics of REFLEC BEAT colette Spring,REFLEC BEAT colette Springの楽曲でレベル8の楽曲をクリア,Test your might primary 2 fragment,腕試し初級のかけら2,15,red,Stamp ticket,スタンプチケット,4,0,2,{"anyOrdersCleared":[142]},FALSE
144,186,Test your might "colette Spring" primary final,腕試し編・コレット春 初級FINAL,Clear level 6 musics of REFLEC BEAT colette Spring with AA rank or above,REFLEC BEAT colette Springの楽曲でレベル6の楽曲をランクAA以上でクリア,Test your might primary 3 fragment,腕試し初級のかけら3,15,red,Byword left part "Colette Spring primary",通り名 前パーツ「三代春初級の」,1,0,2,{"anyOrdersCleared":[143]},FALSE
145,187,Test your might "colette Spring" intermediate 1st,腕試し編・コレット春 中級1ST,Clear level 9 musics of REFLEC BEAT colette Spring,REFLEC BEAT colette Springの楽曲でレベル9の楽曲をクリア,Test your might intermediate 1 fragment,腕試し中級のかけら1,15,red,Stamp ticket,スタンプチケット,3,0,3,{},FALSE
146,188,Test your might "colette Spring" intermediate 2nd,腕試し編・コレット春 中級2ND,Clear level 7 musics of REFLEC BEAT colette Spring with AA rank or above,REFLEC BEAT colette Springの楽曲でレベル7の楽曲をランクAA以上でクリア,Test your might intermediate 2 fragment,腕試し中級のかけら2,15,red,Stamp ticket,スタンプチケット,4,0,3,{"anyOrdersCleared":[145]},FALSE
147,189,Test your might "colette Spring" intermediate final,腕試し編・コレット春 中級FINAL,Clear Wow Wow VENUS (HARD) with AA rank or above,Wow Wow VENUSのHARDをランクAA以上でクリア,Test your might intermediate 3 fragment,腕試し中級のかけら3,10,red,Byword left part "Colette Spring intermediate",通り名 前パーツ「三代春中級の」,1,0,3,{"anyOrdersCleared":[146]},FALSE
148,190,Test your might "colette Spring" advanced 1st,腕試し編・コレット春 上級1ST,Clear level 10+ musics of REFLEC BEAT colette Spring,REFLEC BEAT colette Springの楽曲でレベル10+の楽曲をクリア,Test your might advanced 1 fragment,腕試し上級のかけら1,15,red,Stamp ticket,スタンプチケット,3,0,4,{},FALSE
149,191,Test your might "colette Spring" advanced 2nd,腕試し編・コレット春 上級2ND,Clear level 7 musics of REFLEC BEAT colette Spring with AAA rank or above,REFLEC BEAT colette Springの楽曲でレベル7の楽曲をランクAAA以上でクリア,Test your might advanced 2 fragment,腕試し上級のかけら2,15,red,Stamp ticket,スタンプチケット,4,0,4,{"anyOrdersCleared":[148]},FALSE
150,192,Test your might "colette Spring" advanced 3rd,腕試し編・コレット春 上級3RD,Clear level 9 musics of REFLEC BEAT colette Spring with full combo,REFLEC BEAT colette Springの楽曲でレベル9の楽曲をフルコンボクリア,Test your might advanced 3 fragment,腕試し上級のかけら3,15,red,Stamp ticket,スタンプチケット,5,0,4,{"anyOrdersCleared":[149]},FALSE
151,193,Test your might "colette Spring" advanced final,腕試し編・コレット春 上級FINAL,Clear Windy Fairy (HARD),Windy FairyのHARDをランクAA以上でクリア,Test your might advanced 4 fragment,腕試し上級のかけら4,10,red,Byword left part "Colette Spring advanced",通り名 前パーツ「三代春上級の」,1,0,4,{"anyOrdersCleared":[150]},FALSE
152,194,Test your might "colette Spring" elite 1st,腕試し編・コレット春 超上級1ST,Clear musics of REFLEC BEAT colette Spring in HARD difficulty with AAA+ rank and full combo,REFLEC BEAT colette Springの楽曲のHARDをランクAAA+でフルコンボクリア,Test your might elite 1 fragment,腕試し超上級1のかけら,15,red,Stamp ticket,スタンプチケット,3,0,5,{},FALSE
153,195,Test your might "colette Spring" elite 2nd,腕試し編・コレット春 超上級2ND,Clear level 10 musics of REFLEC BEAT colette Spring with AAA rank or above,REFLEC BEAT colette Springの楽曲でレベル10の楽曲をランクAAA以上でクリア,Test your might elite 2 fragment,腕試し超上級のかけら2,15,red,Stamp ticket,スタンプチケット,4,0,5,{"anyOrdersCleared":[152]},FALSE
154,196,Test your might "colette Spring" elite 3rd,腕試し編・コレット春 超上級3RD,Clear ARACHNE (HARD) with AAA rank or above,ARACHNEのHARDをランクAAA以上でクリア,Test your might elite 3 fragment,腕試し超上級のかけら3,10,red,Stamp ticket,スタンプチケット,5,0,5,{"anyOrdersCleared":[153]},FALSE
155,197,Test your might "colette Spring" elite final,腕試し編・コレット春 超上級FINAL,Clear ストレイ・マーチ (HARD) with AAA+ rank or above,ストレイ・マーチのHARDをランクAAA+でクリア,Test your might elite 4 fragment,腕試し超上級のかけら4,10,red,Byword left part "Colette Spring elite",通り名 前パーツ「三代春超上級の」,1,0,6,{"anyOrdersCleared":[154]},FALSE
156,99,Summer gear - head ☆1,夏装備あたま編 ☆1,Play musics of level 8,レベル8の楽曲をプレー,Level 8 fragment,レベル8のかけら,10,blue,Normal cap,ふつうのキャップ,1,0,1,{},FALSE
157,100,Summer gear - head ☆2,夏装備あたま編 ☆2,Play musics of REFLEC BEAT limelight,REFLEC BEAT coletteの楽曲をプレー,Colette fragment,コレットのかけら,10,blue,Summer straw hat,夏の麦わら帽子,1,0,1,"{""equipCondition"":{""index"":0,""season"":2,""experiences"":0}}",FALSE
158,101,Summer gear - head ☆3,夏装備あたま編 ☆3,Play musics of REFLEC BEAT colette Summer,Summerバージョンの楽曲をプレー,Summer fragment,夏のかけら,10,blue,Sunglasses,サングラス,1,0,2,"{""equipCondition"":{""index"":0,""season"":2,""experiences"":1}}",FALSE
159,102,Summer gear - head ☆4,夏装備あたま編 ☆4,Play musics in MEDIUM difficulty,MEDIUMをプレー,MEDIUM fragment,MEDIUMのかけら,12,blue,Scuba face,スキューバフェイス,1,0,2,"{""equipCondition"":{""index"":0,""season"":2,""experiences"":2}}",FALSE
160,103,Summer gear - head ☆5,夏装備あたま編 ☆5,Play musics start with row W,「わ行」で始まる名前の楽曲をプレー,Row W fragment,「わ行」のかけら,12,blue,Octopus hood,タコさんフード,1,0,3,"{""equipCondition"":{""index"":0,""season"":2,""experiences"":4}}",FALSE
161,104,Summer gear - head ☆6,夏装備あたま編 ☆6,Play with Kanto region players via matching,関東地方のプレイヤーとマッチングする,Regional matching 2 fragment,エリアマッチング2のかけら,14,blue,Pirate hat,海賊ハット,1,0,3,"{""equipCondition"":{""index"":0,""season"":2,""experiences"":7}}",FALSE
162,105,Summer gear - body ☆1,夏装備からだ編 ☆1,Play musics of level 7,レベル7の楽曲をプレー,Level 7 fragment,レベル7のかけら,10,blue,Casual summer clothing,カジュアルな夏服,1,0,1,{},FALSE
163,106,Summer gear - body ☆2,夏装備からだ編 ☆2,Play musics in BASIC difficulty,BASICをプレー,BASIC fragment,BASICのかけら,10,blue,Stylish aloha shirt,おしゃれなアロハ,1,0,1,"{""equipCondition"":{""index"":1,""season"":2,""experiences"":0}}",FALSE
164,107,Summer gear - body ☆3,夏装備からだ編 ☆3,Play musics of REFLEC BEAT,初代REFLEC BEATの楽曲をプレー,REFLEC BEAT fragment,初代のかけら,10,blue,Fishing wear,フィッシングウェア,1,0,2,"{""equipCondition"":{""index"":1,""season"":2,""experiences"":1}}",FALSE
165,108,Summer gear - body ☆4,夏装備からだ編 ☆4,Play musics of REFLEC BEAT colette Summer,Summerバージョンの楽曲をプレー,Summer fragment,夏のかけら,12,blue,Scuba set,スキューバセット,1,0,2,"{""equipCondition"":{""index"":1,""season"":2,""experiences"":2}}",FALSE
166,109,Summer gear - body ☆5,夏装備からだ編 ☆5,Play musics start with row A,「あ行」で始まる名前の楽曲をプレー,Row A fragment,「あ行」のかけら,12,blue,Octopus suit,タコさんスーツ,1,0,3,"{""equipCondition"":{""index"":1,""season"":2,""experiences"":4}}",FALSE
167,110,Summer gear - body ☆6,夏装備からだ編 ☆6,Play with Kinki region players via matching,近畿地方のプレイヤーとマッチングする,Regional matching 1 fragment,エリアマッチング1のかけら,14,blue,Pirate costume,海賊衣装,1,0,3,"{""equipCondition"":{""index"":1,""season"":2,""experiences"":7}}",FALSE
168,111,Summer gear - hand ☆1,夏装備もちもの編 ☆1,Play musics of level 9,レベル9の楽曲をプレー,Level 9 fragment,レベル9のかけら,10,blue,Wood fishing rod,木の釣りざお,1,0,1,{},FALSE
169,112,Summer gear - hand ☆2,夏装備もちもの編 ☆2,Play musics of REFLEC BEAT colette Summer,Summerバージョンの楽曲をプレー,Summer fragment,夏のかけら,10,blue,Normal fishing rod,ふつうの釣りざお,1,0,1,"{""equipCondition"":{""index"":2,""season"":2,""experiences"":0}}",FALSE
170,113,Summer gear - hand ☆3,夏装備もちもの編 ☆3,Play musics in HARD difficulty,HARDをプレー,HARD fragment,HARDのかけら,10,blue,Golden rod,ゴールドロッド,1,0,2,"{""equipCondition"":{""index"":2,""season"":2,""experiences"":1}}",FALSE
171,114,Summer gear - hand ☆4,夏装備もちもの編 ☆4,Play musics of REFLEC BEAT limelight,REFLEC BEAT limelightの楽曲をプレー,Limelight fragment,ライムライトのかけら,12,blue,Sea fishing net,海釣り用のあみ,1,0,2,"{""equipCondition"":{""index"":2,""season"":2,""experiences"":2}}",FALSE
172,115,Summer gear - hand ☆5,夏装備もちもの編 ☆5,Play musics start with row S,「さ行」で始まる名前の楽曲をプレー,Row S fragment,「さ行」のかけら,12,blue,Undersea spear,海底のやり,1,0,3,"{""equipCondition"":{""index"":2,""season"":2,""experiences"":4}}",FALSE
173,116,Summer gear - hand ☆6,夏装備もちもの編 ☆6,Play with Chubu region players via matching,中部エリアのプレイヤーとマッチングする,Regional matching 3 fragment,エリアマッチング3のかけら,14,blue,Pirate sabre,海賊サーベル,1,0,3,"{""equipCondition"":{""index"":2,""season"":2,""experiences"":7}}",FALSE
174,139,"""The heroes of two""",「二人の英雄」,Play musics in HARD difficulty via matching during FINAL ROUND,FINAL ROUNDでHARD譜面の楽曲を選曲し対人マッチングを行う,"""The heroes of two"" fragment",二人の英雄のかけら,20,violet,Stamp ticket,スタンプチケット,1,0,4,{"hasOrder":true},FALSE
175,140,"""The power of white""",「白の力」,Play musics with names related to "white" via matching during FINAL ROUND,FINAL ROUNDで「白」もしくはそれを連想させる要素を曲名に含む楽曲をプレー,"""The power of white"" fragment",白の力のかけら,20,violet,Byword left part "White",通り名 前パーツ「白の」,1,0,5,{"hasOrder":true},FALSE
176,141,"""The apperance of Phoenix""",「朱雀の姿」,Play musics with names related to phoenix via matching during FINAL ROUND,FINAL ROUNDで朱雀に関連する曲をマッチングしてプレー,"""The apperance of Phoenix"" fragment",朱雀の姿のかけら,20,violet,Byword left part "Red",通り名 前パーツ「赤の」,1,0,6,{"hasOrder":true},FALSE
177,35,Order of matching with anyone,マッチング編 誰とでも！,Matching with anyone,誰かとマッチングをする,Matching 1 fragment,マッチング1のかけら,12,orange,Stamp ticket,スタンプチケット,5,2,2,"{""anyOrdersCleared"":[27,28,29,30]}",TRUE
178,35,Order of matching with anyone,マッチング編 誰とでも！,Matching with anyone,誰かとマッチングをする,Matching 1 fragment,マッチング1のかけら,12,orange,Stamp ticket,スタンプチケット,5,2,2,"{""anyOrdersCleared"":[27,28,29,30]}",TRUE
179,35,Order of matching with anyone,マッチング編 誰とでも！,Matching with anyone,誰かとマッチングをする,Matching 1 fragment,マッチング1のかけら,12,orange,Stamp ticket,スタンプチケット,5,2,2,"{""anyOrdersCleared"":[27,28,29,30]}",TRUE
180,35,Order of matching with anyone,マッチング編 誰とでも！,Matching with anyone,誰かとマッチングをする,Matching 1 fragment,マッチング1のかけら,12,orange,Stamp ticket,スタンプチケット,5,2,2,"{""anyOrdersCleared"":[27,28,29,30]}",TRUE
181,35,Order of matching with anyone,マッチング編 誰とでも！,Matching with anyone,誰かとマッチングをする,Matching 1 fragment,マッチング1のかけら,12,orange,Stamp ticket,スタンプチケット,5,2,2,"{""anyOrdersCleared"":[27,28,29,30]}",TRUE
182,35,Order of matching with anyone,マッチング編 誰とでも！,Matching with anyone,誰かとマッチングをする,Matching 1 fragment,マッチング1のかけら,12,orange,Stamp ticket,スタンプチケット,5,2,2,"{""anyOrdersCleared"":[27,28,29,30]}",TRUE
183,117,Order of harvesting items No.1,収穫アイテム編 その1,Play musics of REFLEC BEAT colette Autumn,Autumnバージョンの曲をプレー,Harvesting item fragment 1,収穫アイテムのかけら1,12,violet,Intuition boost drink,直感促進ドリンク,3,1,3,{},TRUE
184,118,Order of harvesting items No.2,収穫アイテム編 その2,Play musics of REFLEC BEAT colette Autumn,Autumnバージョンの曲をプレー,Harvesting item fragment 2,収穫アイテムのかけら2,12,violet,Magic clock,まほうの時計,3,1,3,{"anyOrdersCleared":[183]},TRUE
185,119,Order of harvesting items No.3,収穫アイテム編 その3,Play musics of REFLEC BEAT colette,REFLEC BEAT coletteの楽曲をプレー,Harvesting item fragment 3,収穫アイテムのかけら3,25,violet,Intuition boost drink,直感促進ドリンク,2,1,3,{},TRUE
186,120,Order of harvesting items No.4,収穫アイテム編 その4,Matching with anyone,みんなとマッチングをする,Harvesting item fragment 4,収穫アイテムのかけら4,25,violet,Magic clock,まほうの時計,2,1,3,{"anyOrdersCleared":[185]},TRUE
187,198,Test your might "colette Summer" primary 1st,腕試し編・コレット夏 初級1ST,Clear musics of REFLEC BEAT colette Summer with AA rank or above,REFLEC BEAT colette Summerの楽曲をランクAA以上でクリア,Test your might primary 1 fragment,腕試し初級のかけら1,15,red,Stamp ticket,スタンプチケット,3,0,2,{},FALSE
188,199,Test your might "colette Summer" primary 2nd,腕試し編・コレット夏 初級2ND,Clear level 8 musics of REFLEC BEAT colette Summer,REFLEC BEAT colette Summerの楽曲でレベル8の楽曲をクリア,Test your might primary 2 fragment,腕試し初級のかけら2,15,red,Stamp ticket,スタンプチケット,4,0,2,{"anyOrdersCleared":[187]},FALSE
189,200,Test your might "colette Summer" primary final,腕試し編・コレット夏 初級FINAL,Clear musics of REFLEC BEAT colette Summer in HARD difficulty with AA rank or above,REFLEC BEAT colette Summerの楽曲のHARDをランクAA以上でクリア,Test your might primary 3 fragment,腕試し初級のかけら3,15,red,Byword left part "Colette Summer primary",通り名 前パーツ「三代夏初級の」,1,0,2,{"anyOrdersCleared":[188]},FALSE
190,201,Test your might "colette Summer" intermediate 1st,腕試し編・コレット夏 中級1ST,Clear level 9 musics of REFLEC BEAT colette Summer,REFLEC BEAT colette Summerの楽曲でレベル9の楽曲をクリア,Test your might intermediate 1 fragment,腕試し中級のかけら1,15,red,Stamp ticket,スタンプチケット,3,0,3,{},FALSE
191,202,Test your might "colette Summer" intermediate 2nd,腕試し編・コレット夏 中級2ND,Clear level 8 musics of REFLEC BEAT colette Summer with AA rank or above,REFLEC BEAT colette Summerの楽曲でレベル8の楽曲をランクAA以上でクリア,Test your might intermediate 2 fragment,腕試し中級のかけら2,15,red,Stamp ticket,スタンプチケット,4,0,3,{"anyOrdersCleared":[190]},FALSE
192,203,Test your might "colette Summer" intermediate final,腕試し編・コレット夏 中級FINAL,Clear Knell (HARD),KnellのHARDをクリア,Test your might intermediate 3 fragment,腕試し中級のかけら3,10,red,Byword left part "Colette Summer intermediate",通り名 前パーツ「三代夏中級の」,1,0,3,{"anyOrdersCleared":[191]},FALSE
193,204,Test your might "colette Summer" advanced 1st,腕試し編・コレット夏 上級1ST,Clear musics of REFLEC BEAT colette Summer in HARD difficulty with AA rank or above and full combo,REFLEC BEAT colette Summerの楽曲のHARDをランクAA以上でフルコンボクリア,Test your might advanced 1 fragment,腕試し上級のかけら1,15,red,Stamp ticket,スタンプチケット,3,0,4,{},FALSE
194,205,Test your might "colette Summer" advanced 2nd,腕試し編・コレット夏 上級2ND,Clear level 9 musics of REFLEC BEAT colette Summer with AA rank or above,REFLEC BEAT colette Summerの楽曲でレベル9の楽曲をランクAA以上でクリア,Test your might advanced 2 fragment,腕試し上級のかけら2,15,red,Stamp ticket,スタンプチケット,4,0,4,{"anyOrdersCleared":[193]},FALSE
195,206,Test your might "colette Summer" advanced 3rd,腕試し編・コレット夏 上級3RD,Clear level 10 musics of REFLEC BEAT colette Summer with AA rank or above,REFLEC BEAT colette Summerの楽曲でレベル10の楽曲をランクAA以上でクリア,Test your might advanced 3 fragment,腕試し上級のかけら3,15,red,Stamp ticket,スタンプチケット,5,0,4,{"anyOrdersCleared":[194]},FALSE
196,207,Test your might "colette Summer" advanced final,腕試し編・コレット夏 上級FINAL,Clear 海神 (HARD),海神のHARDをクリア,Test your might advanced 4 fragment,腕試し上級のかけら4,10,red,Byword left part "Colette Summer advanced",通り名 前パーツ「三代夏上級の」,1,0,4,{"anyOrdersCleared":[195]},FALSE
197,208,Test your might "colette Summer" elite 1st,腕試し編・コレット夏 超上級1ST,Clear level 10+ musics of REFLEC BEAT colette Summer with AA rank or above,REFLEC BEAT colette Summerの楽曲でレベル10+の楽曲をランクAA以上でクリア,Test your might elite 1 fragment,腕試し超上級のかけら1,15,red,Stamp ticket,スタンプチケット,3,0,5,{},FALSE
198,209,Test your might "colette Summer" elite 2nd,腕試し編・コレット夏 超上級2ND,Clear level 10 musics of REFLEC BEAT colette Summer with AAA rank or above and full combo,REFLEC BEAT colette Summerの楽曲でレベル10の楽曲をランクAAA以上でフルコンボクリア,Test your might elite 2 fragment,腕試し超上級のかけら2,15,red,Stamp ticket,スタンプチケット,4,0,5,{"anyOrdersCleared":[197]},FALSE
199,210,Test your might "colette Summer" elite 3rd,腕試し編・コレット夏 超上級3RD,Clear EMPEROR OF THE AVALON (HARD) with AAA rank or above,EMPEROR OF THE AVALONのHARDをランクAAA以上でクリア,Test your might elite 3 fragment,腕試し超上級のかけら3,10,red,Stamp ticket,スタンプチケット,5,0,5,{"anyOrdersCleared":[198]},FALSE
200,211,Test your might "colette Summer" elite final,腕試し編・コレット夏 超上級FINAL,Clear リリーゼと炎龍レーヴァテイン (HARD) with AAA+ rank,リリーゼと炎龍レーヴァテインのHARDをランクAAA+でクリア,Test your might elite 4 fragment,腕試し超上級のかけら4,10,red,Byword left part "Colette Summer elite",通り名 前パーツ「三代夏超上級の」,1,0,6,{"anyOrdersCleared":[199]},FALSE
201,121,Autumn gear - head ☆1,秋装備あたま編 ☆1,Play musics of level 10,レベル10の楽曲をプレー,Level 10 fragment,レベル10のかけら,10,blue,Blue cap,青いキャップ,1,0,1,{},FALSE
202,122,Autumn gear - head ☆2,秋装備あたま編 ☆2,Play musics of J-POP genre,J-POPの楽曲をプレー,J-POP fragment,J-POPのかけらを集める,10,blue,Courier's wig,飛脚のかつら,1,0,1,"{""equipCondition"":{""index"":0,""season"":3,""experiences"":0}}",FALSE
203,123,Autumn gear - head ☆3,秋装備あたま編 ☆3,Play musics in HARD difficulty,HARDをプレー,HARD fragment,HARDのかけら,10,blue,Millitary hat,ミリタリーな帽子,1,0,2,"{""equipCondition"":{""index"":0,""season"":3,""experiences"":1}}",FALSE
204,124,Autumn gear - head ☆4,秋装備あたま編 ☆4,Play musics of REFLEC BEAT colette Autumn,Autumnバージョンの楽曲をプレー,Autumn fragment,秋のかけら,12,blue,Mushroom hat,きのこの帽子,1,0,2,"{""equipCondition"":{""index"":0,""season"":3,""experiences"":2}}",FALSE
205,125,Autumn gear - head ☆5,秋装備あたま編 ☆5,Play musics which artist name start with row K,「か行」で始まるアーティスト名の楽曲をプレー,Artist name row K fragment,アーティストか行のかけら,12,blue,Deer hood,シカシカフード,1,0,3,"{""equipCondition"":{""index"":0,""season"":3,""experiences"":4}}",FALSE
206,126,Autumn gear - head ☆6,秋装備あたま編 ☆6,Play with Hokaido / Tohoku region players via matching,北海道・東北エリアのプレイヤーとマッチングする,Regional matching 1 fragment,エリアマッチング1のかけら,14,blue,Marron hood,いがぐりずきん,1,0,3,"{""equipCondition"":{""index"":0,""season"":3,""experiences"":7}}",FALSE
207,127,Autumn gear - body ☆1,秋装備からだ編 ☆1,Play musics of level 9,レベル9の楽曲をプレー,Level 9 fragment,レベル9のかけら,10,blue,Casual autumn clothing,カジュアルな秋服,1,0,1,{},FALSE
208,128,Autumn gear - body ☆2,秋装備からだ編 ☆2,Play musics of KONAMI Original genre,コナミオリジナルの楽曲をプレー,KONAMI Original fragment,コナオリのかけら,10,blue,Courier's clothing,飛脚の服,1,0,1,"{""equipCondition"":{""index"":1,""season"":3,""experiences"":0}}",FALSE
209,129,Autumn gear - body ☆3,秋装備からだ編 ☆3,Play musics of REFLEC BEAT colette Autumn,Autumnバージョンの曲をプレー,Autumn fragment,秋のかけら,10,blue,Millitary clothing,ミリタリーな服,1,0,2,"{""equipCondition"":{""index"":1,""season"":3,""experiences"":1}}",FALSE
210,130,Autumn gear - body ☆4,秋装備からだ編 ☆4,Play musics in MEDIUM difficulty,MEDIUMをプレー,MEDIUM fragment,MEDIUMのかけら,12,blue,Mushroom suit,きのこのスーツ,1,0,2,"{""equipCondition"":{""index"":1,""season"":3,""experiences"":2}}",FALSE
211,131,Autumn gear - body ☆5,秋装備からだ編 ☆5,Play musics which artist name start with row R,「ら行」で始まるアーティスト名の楽曲をプレー,Artist name row R fragment,アーティストら行のかけら,12,blue,Deer coat,シカシカコート,1,0,3,"{""equipCondition"":{""index"":1,""season"":3,""experiences"":4}}",FALSE
212,132,Autumn gear - body ☆6,秋装備からだ編 ☆6,Play with Chugoku / Shigoku region players via matching,中国・四国エリアのプレイヤーとマッチングする,Regional matching 5 fragment,エリアマッチング5のかけら,14,blue,Marron poncho,いがぐりポンチョ,1,0,3,"{""equipCondition"":{""index"":1,""season"":3,""experiences"":7}}",FALSE
213,133,Autumn gear - hand ☆1,秋装備もちもの編 ☆1,Play musics of level 10+,レベル10+の楽曲をプレー,Level 10+ fragment,レベル10+のかけら,10,blue,Brown basket,茶色いかご,1,0,1,{},FALSE
214,134,Autumn gear - hand ☆2,秋装備もちもの編 ☆2,Play musics in BASIC difficulty,BASICをプレー,BASIC fragment,BASICのかけら,10,blue,Courier's baggage,飛脚の手荷物,1,0,1,"{""equipCondition"":{""index"":2,""season"":3,""experiences"":0}}",FALSE
215,135,Autumn gear - hand ☆3,秋装備もちもの編 ☆3,Play musics of REFLEC BEAT colette Autumn,Autumnバージョンの曲をプレー,Autumn fragment,秋のかけら,10,blue,Millitary box,ミリタリーな箱,1,0,2,"{""equipCondition"":{""index"":2,""season"":3,""experiences"":1}}",FALSE
216,136,Autumn gear - hand ☆4,秋装備もちもの編 ☆4,Play musics of Variety genre,バラエティの楽曲をプレー,Variety fragment,バラエティのかけら,12,blue,Mushroom pochette,きのこのポシェット,1,0,2,"{""equipCondition"":{""index"":2,""season"":3,""experiences"":2}}",FALSE
217,137,Autumn gear - hand ☆5,秋装備もちもの編 ☆5,Play musics which artist name start with row A,「あ行」で始まるアーティスト名の楽曲をプレー,Artist name row A fragment,アーティストあ行のかけら,12,blue,Deer bag,シカシカふくろ,1,0,3,"{""equipCondition"":{""index"":2,""season"":3,""experiences"":4}}",FALSE
218,138,Autumn gear - hand ☆6,秋装備もちもの編 ☆6,Play with Kyushu / Okinawa region players via matching,九州・沖縄エリアのプレイヤーとマッチングする,Regional matching 6 fragment,エリアマッチング6のかけら,14,blue,Marron cleaner,マロンくりーナー,1,0,3,"{""equipCondition"":{""index"":2,""season"":3,""experiences"":7}}",FALSE
219,212,Test your might "colette Autumn" primary 1st,腕試し編・コレット秋 初級1ST,Clear musics of REFLEC BEAT colette Autumn with AA rank or above,REFLEC BEAT colette Autumnの楽曲をランクAA以上でクリア,Test your might primary 1 fragment,腕試し初級のかけら1,15,red,Stamp ticket,スタンプチケット,3,0,2,{},FALSE
220,213,Test your might "colette Autumn" primary 2nd,腕試し編・コレット秋 初級2ND,Clear musics of REFLEC BEAT colette Autumn in HARD difficulty,REFLEC BEAT colette Autumnの楽曲のHARDをクリア,Test your might primary 2 fragment,腕試し初級のかけら2,15,red,Stamp ticket,スタンプチケット,4,0,2,{"anyOrdersCleared":[219]},FALSE
221,214,Test your might "colette Autumn" primary final,腕試し編・コレット秋 初級FINAL,Clear level 8 musics of REFLEC BEAT colette Autumn,REFLEC BEAT colette Autumnの楽曲でレベル8の楽曲をクリア,Test your might primary 3 fragment,腕試し初級のかけら3,15,red,Byword left part "Colette Autumn primary",通り名 前パーツ「三代秋初級の」,1,0,2,{"anyOrdersCleared":[220]},FALSE
222,215,Test your might "colette Autumn" intermediate 1st,腕試し編・コレット秋 中級1ST,Clear level 9 musics of REFLEC BEAT colette Autumn,REFLEC BEAT colette Autumnの楽曲でレベル9の楽曲をクリア,Test your might intermediate 1 fragment,腕試し初級のかけら1,15,red,Stamp ticket,スタンプチケット,3,0,3,{},FALSE
223,216,Test your might "colette Autumn" intermediate 2nd,腕試し編・コレット秋 中級2ND,Clear musics of REFLEC BEAT colette Autumn in HARD difficulty with AA rank or above,REFLEC BEAT colette Autumnの楽曲のHARDをランクAA以上でクリア,Test your might intermediate 2 fragment,腕試し初級のかけら2,15,red,Stamp ticket,スタンプチケット,4,0,3,{"anyOrdersCleared":[222]},FALSE
224,217,Test your might "colette Autumn" intermediate final,腕試し編・コレット秋 中級FINAL,Clear Lapis Philosophorum (HARD),Lapis PhilosophorumのHARDをクリア,Test your might intermediate 3 fragment,腕試し初級のかけら3,10,red,Byword left part "Colette Autumn intermediate",通り名 前パーツ「三代秋中級の」,1,0,3,{"anyOrdersCleared":[223]},FALSE
225,218,Test your might "colette Autumn" advanced 1st,腕試し編・コレット秋 上級1ST,Clear musics of REFLEC BEAT colette Autumn with AAA rank or above,REFLEC BEAT colette Autumnの楽曲をランクAAA以上でクリア,Test your might advanced 1 fragment,腕試し上級のかけら1,15,red,Stamp ticket,スタンプチケット,3,0,4,{},FALSE
226,219,Test your might "colette Autumn" advanced 2nd,腕試し編・コレット秋 上級2ND,Clear level 9 musics of REFLEC BEAT colette Autumn with AA rank or above,REFLEC BEAT colette Autumnの楽曲でレベル9の楽曲をランクAA以上でクリア,Test your might advanced 2 fragment,腕試し上級のかけら2,15,red,Stamp ticket,スタンプチケット,4,0,4,{"anyOrdersCleared":[225]},FALSE
227,220,Test your might "colette Autumn" advanced 3rd,腕試し編・コレット秋 上級3RD,Clear level 7 musics of REFLEC BEAT colette Autumn with AAA rank or above,REFLEC BEAT colette Autumnの楽曲でレベル7の楽曲をランクAAA以上でクリア,Test your might advanced 3 fragment,腕試し上級のかけら3,15,red,Stamp ticket,スタンプチケット,5,0,4,{"anyOrdersCleared":[226]},FALSE
228,221,Test your might "colette Autumn" advanced final,腕試し編・コレット秋 上級FINAL,Clear Ground Shake (HARD) with AA rank or above,Ground ShakeのHARDをランクAA以上でクリア,Test your might advanced 4 fragment,腕試し上級のかけら4,10,red,Byword left part "Colette Autumn advanced",通り名 前パーツ「三代秋上級の」,1,0,4,{"anyOrdersCleared":[227]},FALSE
229,222,Test your might "colette Autumn" elite 1st,腕試し編・コレット秋 超上級1ST,Clear level 9 musics of REFLEC BEAT colette Autumn with AAA rank or above and full combo,REFLEC BEAT colette Autumnの楽曲でレベル9の楽曲をランクAAA以上でフルコンボクリア,Test your might elite 1 fragment,腕試し超上級のかけら1,15,red,Stamp ticket,スタンプチケット,3,0,5,{},FALSE
230,223,Test your might "colette Autumn" elite 2nd,腕試し編・コレット秋 超上級2ND,Clear level 10 musics of REFLEC BEAT colette Autumn with AAA rank or above and full combo,REFLEC BEAT colette Autumnの楽曲でレベル10の楽曲をランクAAA以上でフルコンボクリア,Test your might elite 2 fragment,腕試し超上級のかけら2,15,red,Stamp ticket,スタンプチケット,4,0,5,{"anyOrdersCleared":[229]},FALSE
231,224,Test your might "colette Autumn" elite 3rd,腕試し編・コレット秋 超上級3RD,Clear level 10+ musics of REFLEC BEAT colette Autumn with AAA rank or above,REFLEC BEAT colette Autumnの楽曲でレベル10+の楽曲をランクAAA以上でクリア,Test your might elite 3 fragment,腕試し超上級のかけら3,15,red,Stamp ticket,スタンプチケット,5,0,5,{"anyOrdersCleared":[230]},FALSE
232,225,Test your might "colette Autumn" elite final,腕試し編・コレット秋 超上級FINAL,Clear fallen leaves (HARD) with AAA+ rank,fallen leavesのHARDをランクAAA+でクリア,Test your might elite 4 fragment,腕試し超上級のかけら4,10,red,Byword left part "Colette Autumn elite",通り名 前パーツ「三代秋超上級の」,1,0,6,{"anyOrdersCleared":[231]},FALSE
233,228,Test your might "colette Winter" legendary,腕試し編・コレット冬 伝説級,Clear Valanga (HARD) with AAA+ rank and full combo,ValangaのHARDをランクAAA+でフルコンボクリア,Test your might legendary fragment,腕試し伝説級のかけら,1,red,Byword left part "Colette Winter legendary",通り名 前パーツ「三代冬伝説級の」,1,0,7,{"anyOrdersCleared":[134]},FALSE
234,229,Test your might "colette Spring" legendary,腕試し編・コレット春 伝説級,Clear ストレイ・マーチ (HARD) with AAA+ rank and full combo,ストレイ・マーチのHARDをランクAAA+でフルコンボクリア,Test your might legendary fragment,腕試し伝説級のかけら,1,red,Byword left part "Colette Spring legendary",通り名 前パーツ「三代春伝説級の」,1,0,7,{"anyOrdersCleared":[155]},FALSE
235,230,Test your might "colette Summer" legendary,腕試し編・コレット夏 伝説級,Clear 海神 (HARD) with AAA+ rank and full combo,海神のHARDをランクAAA+でフルコンボクリア,Test your might legendary fragment,腕試し伝説級のかけら,1,red,Byword left part "Colette Summer legendary",通り名 前パーツ「三代夏伝説級の」,1,0,7,{"anyOrdersCleared":[211]},FALSE
236,231,Test your might "colette Autumn" legendary,腕試し編・コレット秋 伝説級,Clear fallen leaves (HARD) with AAA+ rank and full combo,fallen leavesのHARDをランクAAA+でフルコンボクリア,Test your might legendary fragment,腕試し伝説級のかけら,1,red,Byword left part "Colette Autumn legendary",通り名 前パーツ「三代秋伝説級の」,1,0,7,{"anyOrdersCleared":[232]},FALSE
