chapter,page,phrase,phraseOrig
,,,
number,number,string?,string
0,0,The town that once stood here has returned to dust; the people who once lived here are no more.,ここにあった町は土くれに帰し、ここに生きた人々はもういない。
0,0,"Only a ruined castle remains, resting silently in the depths of the dark forest.",ただ朽ちた城だけが、深く暗い森の中、静かに在る。
0,0,,
0,0,"Once, there was a silver mine in this land.",かつてここには銀の鉱山があった。
0,0,"Conflict over the silver was endless, and countless lives scattered like dew upon these grounds—",銀を巡って争いは絶えず、数多の命がこの地で露と化した。
0,0,"Until a Count possessing the ""Red Power"" appeared.",「赤の力」を持つ伯爵が現れるまでは――
0,0,,
0,0,Those who visit the castle standing in that distant realm will see it:,彼の地に立つ城を訪れるものは見るだろう。
0,0,The portrait of the Count who ruled this land and brought it a fleeting era of prosperity.,この地を統べ、刹那の繁栄をもたらした伯爵の肖像を。
0,0,,
0,0,"Yet, it is said that this silent portrait occasionally resonates with a melody that stirs the hearts of those who behold it.",物言わぬ肖像はしかし、時として見る者の心を動かす旋律を響かせるという。
0,0,"Is it the Count's lingering obsession, painted into the canvas, bewildering human senses?",肖像に塗り込められた伯爵の妄執が人の聴覚を惑わすのか。
0,0,Or is it merely an echo reverberating from the deepest depths of one's own subconscious?,あるいは己の内奥に潜む深層心理が反響しているだけなのか。
0,0,,
0,0,"Legend has it that the melody is both sweet and fierce, shaking the trees and reaching up to the heavens.",旋律は甘美にして激しく、草木を揺らし天に届くと伝えられている。
0,0,"However, only those who can decipher the ancient allegory may hear it—",しかしそれを聞くことが叶うのは、いにしえの寓話を読み解いた者のみ――
0,0,"The tale of the Count who once dwelt in this ancient castle, and the stories of those entwined with his fate.",かつてこの古城に住まいし伯爵の物語。伯爵と関わる人々の物語。
0,0,"Is what lies within a tragedy, a comedy, or perhaps both?",そこにあるのは悲劇か喜劇か、あるいはその両方か。
0,0,"If one can piece together the fragments of the fable left behind within the castle, the sealed melody shall be resurrected.",城の中に遺された寓話の断片をつなぎ合わせることができれば、封じられた旋律は蘇る。
0,0,,
0,0,"Now, the castle gates tower before your eyes.",今、目の前に城門がそびえ立つ。
0,0,,
0,0,O seeker of the ancient melody: enter the dark castle and light the lamp.,いにしえの旋律を求めし者よ、暗き城に入りあかりを灯せ。
0,0,"The light shall illuminate the fate of the fable, blurred and buried by the long passage of time.",あかりは、長き時の流れに埋もれ掠れた寓話の行く末を照らす。
0,0,And those who discover the truth of the fable—shall claim the melody.,そして寓話の真実を知った者は――旋律を得る。
0,0,,
0,0,The phantom melody.,幻の旋律を。
0,0,The forbidden melody.,禁じられた旋律を。
1,0,"Hearing the sound of a heavy wooden door being knocked, ${""text"":""Count Verdet"",""annotation"":0}$ gave permission to enter.","分厚く重い木製の扉がノックされる音に気づき、${""text"":""ヴェルデ伯爵"",""annotation"":0}$は入室を許した。"
1,0,"""I have brought your tea! Though it may have cooled a little...""",「紅茶をお持ちしました！ぼんの少し、冷めているかも知れませんが」
1,0,"""Mm, I shall have it.""",「うむ、いただこうか」
1,0,"The butler, Kris, poured the tea into the cup. Taking a sip, the Count remarked:",執事のクリスがティーカップに紅茶を注ぐ。伯爵はひと口飲むとこう言った。
1,0,"""You brew tea as impeccably as always.""",「いつも通り上手く紅茶を淹れてくれるものだ」
1,0,"This had been Kris's daily routine for ${""text"":""seven"",""clueId"":0}$ years—brewing tea at a set time without needing an ${""text"":""order"",""clueId"":0}$. There was not a single second of error in his timing.","これは${""text"":""７"",""clueId"":0}$年続いているクリスの日課で、特に${""text"":""オーダー"",""clueId"":0}$を受けずとも決まった時間になれば紅茶を淹れることになっている。そこには１分１秒の狂いもない."
1,0,"""I am glad to hear that. You did not notice until my fifth knock, so I feared it might have grown cold in the meantime.""",「それはよかったです。５回もノックしましたのに、伯爵がお気づきにならなかったのて.その分冷めてしまうかと恐れていたのですが」
1,0,Kris bowed respectfully and departed from the Count's study.,クリスはうやうやしく辞儀をし、伯爵の書斎から退出した
1,0,"Left alone, the Count agonized, his brow furrowed in deep lines.",残された伯爵は眉間にしわを刻みながら煩悶している。
1,0,"That was why he had failed to notice the knocking until the fifth time.",4回目までノックに気づかなかったのもそのせいだ。
1,0,"""What ought I to do...?""",「どうすればよいのか……」
1,0,"Just recently, a silver mine boasting vast reserves had been discovered within Count Verdet's domain.",つい最近、ウェルデ伯爵の領国に豊富な埋蔵量を誇る銀鉱山が発見された。
1,0,"Contending for mining rights, silver merchants formed private armies, using the lives of soldiers as pawns in a endless tug-of-war for territory.",採掘権を巡り、銀商人どもが私兵団を編成し、兵士の命を手駒にした陣取り合戦を繰り返している。
1,0,"Though the Count's house possessed a order of knights, generations of peace had left them few in number—a force in name only.",伯爵家にも騎士団はいたが代々平穏に通ごしていたので数も少なく、名ばかりのものであった。
1,0,There was no way they could suppress private armies composed of battle-hardened mercenaries.,屈強な傭兵で編成された私兵団を抑えることなど、できようはずもない。
1,0,How could tranquility be restored to his domain?,どうすれば再び領国を安寧させられるのか。
1,0,"Count Verdet's torment boiled down to this single question, yet he remained unable to find a solution.",ヴェルデ伯爵の悩みはこれに尽き、そして解決策を見つけることがてきずにいる。
1,0,"At that moment, a voice echoed inside the Count's mind.",その時、伯爵の脳裏に声が響いた。
1,0,"{""text"":""\""If thou desirest the power to subdue power... come to the castle's subterranean depths.\"""",""highlight"":true,""textStyle"":""bolditalic""}","{""text"":""「力を制する力が欲しくは　城の地下に来い」"",""highlight"":true,""textStyle"":""bold""}"
1,1,"An auditory hallucination? Yet the exhausted Count, as if possessed, descended into the basement of his castle.",幻聴か。しかし憔悴していた伯爵は、まるで憑かれたように居城の地下室へと降りてゆく。
1,1,There stood—,するとそこには――
1,1,"A figure whose features were far too symmetrical to belong to a human, wearing a subtle smile.",人としてはあまりに均整が取れすぎた容貌の何者かが、微笑みを浮かべつつ立っていた。
1,1,"{""text"":""The Count"",""annotation"":0}$ had never seen such a being before. He had no inkling of how this entity had entered the castle.","{""text"":""伯爵"",""annotation"":0}$はこのような者を見たことがない。どうやって城に入ったのか見当も付かない。"
1,1,"They appeared both male and female. They looked young, yet possessed a composure no youth could harbor.",男にも見えるし女にも見える。若者に見えるが若者には持ち得ない落ち着きも感じる。
1,1,"{""text"":""\""Form a contract with me. I shall grant thee power.\"""",""highlight"":true,""textStyle"":""bolditalic""}","{""text"":""「我と契約せよ。力を与えてやる」"",""highlight"":true,""textStyle"":""bold""}"
1,1,"It was an inscrutable entity. No price was requested, either. It was a suspicious contract with not a single point worthy of trust.",得体の知れない存在である。代償も不要という。信ずるに値する点などひとつもない、怪しげな契約である。
1,1,And yet—the Count accepted instantly.,しかし――伯爵は即座に了承した。
1,1,Was he drawn in by the speech and bearing of the figure before him?,眼前に立つ者の言葉と立ち居振る舞いに吸い込まれたのか、
1,1,Or did he accept out of a desperate attempt to cling to any straw in his earnest desire to bring peace to his land? Or perhaps both?,あるいは領国に安寧をもたらしたい一心で、藁にもすがる思いで契約を受け入れたのか、その両方なのか。
1,1,"{""text"":""\""The contract is forged. Use this power as thou seest fit.\"""",""highlight"":true,""textStyle"":""bolditalic""}","{""text"":""「契約は成った。この力、汝の思うままに使うかよい」"",""highlight"":true,""textStyle"":""bold""}"
1,1,"Leaving those words behind, the unidentified figure faded like smoke and vanished.",そう言い残し、どこの誰ともわからぬ人物は煙のように薄れて消えた。
1,1,"In its place, a mark resembling a ring surfaced upon the ring finger of the Count's left hand.",それと入れ替わるように、伯爵の左手の薬指に、まるで指輪のようなアザが浮かび上がった。
1,1,"Upon seeing the mark, the Count lost consciousness. When he next awoke, he was in his bedroom the ${""text"":""following morning"",""clueId"":1}$.","アザを見た伯爵は意識を失い、次に目覚めるとそこは${""text"":""翌朝"",""clueId"":1}$の寝室だった。"
1,1,His mind was strangely clear.,妙に頭が冴えている。
1,2,"How to deal with a realm ravaged by war—an unanswered question that had plagued him for days and months.",戦いで荒れた領国をどう処するか、
1,2,"Yet now, for some reason, he felt as though everything could be solved...",答えの出ない問いに幾日幾月も悩み続けていたというのに、今はなぜかすべてが解決できるような……
1,2,"No, a conviction filled the ${""text"":""Count"",""annotation"":0}$'s consciousness that it had ${""text"":""already"",""textStyle"":""italic""}$ been solved.","いや、既に解決したかのような確信が、${""text"":""伯爵"",""annotation"":0}$の意識を満たしている。"
1,2,"It was an utterly illogical feeling, yet the Count harbored no doubts; rather, he felt a ""power"" overflowing from his entire body. Then, he vividly recalled the contract from the previous night. Looking at his left ring finger, there was the mark shaped like a ring.",全く理屈の通らぬ自覚たが、伯爵はそれを疑問に感じることはなく、むしろ己が全身からあふれ出すような“力”を感じていた。そして、昨夜の契約を鮮明に想起した。左手の薬指を見ると、指輪のようなアザがある。
1,2,So—it had not been a dream after all.,やはり――夢では無かったのか。
1,2,,
1,2,"""My Lord! Terrible news!""","「${""text"":""伯爵"",""annotation"":0}$！大変です！」"
1,2,"The young man who burst into the bedroom was ${""text"":""the Count"",""annotation"":0}$'s cousin, ${""text"":""Viscount Reinhard"",""annotation"":1}$.","寝室に飛び込んできた若者は伯爵の従兄弟、${""text"":""ラインハルト子爵"",""annotation"":1}$であった。"
1,2,"""The conflict among the silver merchants has expanded, turning the castle town itself into a battlefield! At this rate, the citizens will...!""",「銀商人の争いが拡大し、城下町まで戦場になっています。このままでは領民が！」
1,2,"Reinhard, who regularly assisted Count Verdet in governance, had likely rushed straight to the bedroom sensing the urgency of the situation.",ウェルデ伯爵の政務を常々補佐しているラインハルトは、事態を急とみて寝室にまで駆け込んだのであろう。
1,2,"Yet the Count, entirely composed, spoke:",しかし伯爵は落ち着き払った様子で、こう言った。
1,2,"""Assemble the order of knights. We shall accompany them to pacify these tyrannical fools.""",「騎士団を集めよ。それらを伴い暴虐の者ともを平定する」
1,2,"Reinhard was struck speechless. Even combining himself and the Count, their forces numbered fewer than ten.",ラインハルトは絶句した。自分と伯爵を合わせても１０人に満たない手勢である。
1,2,"He could not fathom facing the private armies. Yet there was no hesitation in the Count, and swallowed by the intensity in his eyes, Reinhard readied himself for battle.",私兵団を相手に出来るとは思えない。しかし伯爵に迷いはなく、その目に呑まれたラインハルトは戦支度を整えた。
1,2,"The castle gates swung open, and led by Count Verdet, fewer than ten men rode forth at a slow pace.",城門は開かれ、ウェルデ伯爵を先頭に１０人足らずの者たちがゆっくりと馬を進める。
1,2,"{""text"":""Five musicians"",""clueId"":2}$ in service to the Count's house blew loudly upon brass instruments, sending off the Count and his men as they headed to the battlefield.","伯爵家に仕える${""text"":""5人の楽士"",""clueId"":2}$が高らかに金管楽器を吹き鳴らし、戦場に赴く伯爵たちを送る。"
1,2,"It was a melody of departure, yet it bore a striking resemblance to a funeral dirge.",それは出陣の旋律たが、葬送の旋律にも似て。
1,3,"A miracle occurred. ${""text"":""The Count"",""annotation"":0}$ erased both of the clashing private armies—erased everything.","奇跡が起きた。争い合う２つの私兵団、その両方を、すべてを、${""text"":""伯爵"",""annotation"":0}$が消し去った。"
1,3,,
1,3,"The Count had merely stepped onto the battlefield wrapped in chaotic, desperate combat.",伯爵はただ、多くの死闘と混乱に包まれた戦場に踏み入っただけである。
1,3,"With just that, the surrounding mercenaries were engulfed in crimson flames, instantly burned to ash.",たったそれだけて、周囲にいる傭兵どもが紅蓮の炎に包まれ、瞬時に燃え尽き黒い灰と化した。
1,3,"Without stopping after pacifying the castle town, the Count proceeded to the mine deep in the forest and incinerated every last private army.",伯爵は城下町を平定したその足で森の奥にある鉱山に向かい、そのまますべての私兵団を焼き尽くした。
1,3,"The earth was covered in black ash, and ${""text"":""small animals"",""clueId"":3}$ such as squirrels and birds that had fled and ${""text"":""hidden"",""clueId"":3}$ in fear of the war returned to the woods.","大地は黒いで覆われ、戦を怖れ逃げ${""text"":""隠れていた"",""clueId"":3}$リスや小鳥などの${""text"":""小動物"",""clueId"":3}$が、森に還ってきた。"
1,3,,
1,3,"This was the power gained through the contract—the ""${""text"":""Red Power"",""annotation"":5}$.""","これが契約で得た力――「${""text"":""赤の力"",""annotation"":5}$」であった。"
1,4,"Upon returning to the castle town from the mine, ${""text"":""Count Verdet"",""annotation"":0}$ and ${""text"":""Reinhard"",""annotation"":1}$ were greeted with cheers by the townspeople.","鉱山から城下町に戻った${""text"":""ウェルデ伯爵"",""annotation"":0}$と${""text"":""ラインハルト"",""annotation"":1}$を町の人々は喝采で迎えた。"
1,4,"Having brought an end to a futile conflict in a single day, ${""text"":""the two were truly heroes"",""clueId"":4}$.","不毛な争いをわすか一日で終結させた${""text"":""ふたりは、まさに英雄"",""clueId"":4}$であった。"
1,4,"Amidst the clamor of the triumphant return, there was a woman of striking beauty who caught the eye.",凱旋の喧噪、そこに一際目を引く美しき女性がいた。
1,4,"She gazed intently at the Count. The Count, too, paused and looked at her.",女性はじっと伯爵を見つめていた。伯爵も、足を止めてその女性を見ていた。
1,4,,
1,4,"Her name was ${""text"":""Claudia"",""annotation"":3}$. Before long, she would become the Countess.","その女性の名は${""text"":""クラウディア"",""annotation"":3}$。ほどなくして、伯爵夫人となる女性。"
2,0,Peaceful days returned to the realm.,領国に穏やかな日々が戻った。
2,0,"The merchants who had directed the conflict learned that ${""text"":""Count Verdet"",""annotation"":0}$'s ""${""text"":""Red Power"",""annotation"":5}$"" had reduced all their mercenaries to ash. Faced with an extraordinary force against which even defiance felt futile, they would never approach this land again. The silver mine, once the spark of conflict, came under the direct management of the Count's house.","争を指揮していた商人どもは、${""text"":""ヴェルデ伯爵"",""annotation"":0}$の「${""text"":""赤の力"",""annotation"":5}$」がすべての傭兵を灰と化したことを知った。逆らう気すら起きぬ通常の力――彼らは二度とこの地に近寄らないであろう。争いの火種であった銀鉱山は、伯爵家が直轄することとなった。"
2,0,"Through this, the domain naturally grew prosperous. The Count's family had generations of history in caring for its people. Count Verdet was no exception—",これによりおのずと領国は豊かになった。代々領民をいたわる伯爵家である。例に漏れずヴェルデ伯爵も
2,0,"He did not use the wealth generated by the silver mine for selfish desires. He continued to allocate it toward the realm's prosperity and relief for the poor, and three years passed.",銀鉱山が生み出す富を私欲には利用しない。領国の繁栄と貧者の救済に充て続け、３年の歳月が過ぎていく。
2,0,"As a result, praise for Count Verdet as a wise ruler echoed not only among his own subjects but even to the people of neighboring nations, building an unshakeable reputation.",その結果、領民のみならず隣国の衆にまでヴェルデ伯爵は名君であるとの誉れは響き渡り、確たる名声が築き上げられた。
2,0,Everyone believed that Count Verdet's territory would maintain everlasting peace. The Count himself grew increasingly confident.,誰もが、ヴェルデ伯爵領は永劫に安寧を保つであろうと信じていた。伯爵自身も、自信を深めている。
2,0,"However, there was one person who voiced anxiety.",しかしただひとり、不安を訴える者がいた。
2,0,"{""text"":""\""Lately, I have been having terrible dreams.\nLords from neighboring lands attack us, seeking our abundant silver.\nI am frightened...\n\nWhat if this becomes reality...?\"""",""highlight"":true}","{""text"":""「近頃、悪い夢をよく見ます。\n我が国の豊富な銀を狙い、隣国の諸侯がこの地に攻め込んでくるのです。\n私は、恐ろしい……\n\nこれがもし、現実になったら……」"",""highlight"":true}"
2,0,"Countess ${""text"":""Claudia"",""annotation"":3}$ pleaded earnestly. Her expression was fearful and frail, yet this did not diminish her beauty; rather, it heightened her ethereal charm, striking the Count's heart.","伯爵夫人${""text"":""クラウディア"",""annotation"":3}$は言い募る。怯えたような衰弱したような顔つきだが、それが彼女の美しさを損なうことは無く、むしろ儚げな魅力が増し、伯爵の心を打つのである。"
2,1,"""Then, what would you have me do?""",「では、どうすればいいのだ？」
2,1,"{""text"":""Count Verdet"",""annotation"":0}$ loved ${""text"":""Claudia"",""annotation"":3}$. She was merely a woman whose eyes he had happened to meet in town that day after annihilating the merchants' armies, yet in an instant, the Count had been drawn into her deep gaze. Five days later, he proposed marriage, and Claudia accepted the offer modestly yet graciously.","{""text"":""ヴェルデ伯爵"",""annotation"":0}$は${""text"":""クラウディア"",""annotation"":3}$を愛している。商人どもの私兵団を殲滅したあの日、偶然町中で目が合った女性に過ぎないのだが、伯爵は一瞬にしてその深い瞳に吸い込まれていた。５日後には婚姻を申し込み、クラウディアもその申し出を謹みつつも受け入れた。"
2,1,"No matter how thoroughly one ${""text"":""investigated Claudia's background"",""clueId"":0}$, nothing clear emerged. Among the townspeople, rumors held that she was ""the outcast of a ruined noble house"" or ""the secret child of royalty,"" but these were merely rumors. Normally, marrying a woman of unknown origin was unthinkable for a nobleman.","クラウディアの${""text"":""素性は、いくら調べても"",""clueId"":0}$判然としない。町人たちの噂では「没落貴族の落とし子」とも「王族の隠し子」とも言われているらしいが、所詮噂である。本来であれば出自のわからぬ女性を娶ることなど、貴族にはあり得ない。"
2,1,Yet the aura of nobility and beauty that Claudia possessed was more than enough to make the Count break custom.,しかしクラウディアが纏う高貴なる者特有の気配と美しさは、伯爵にしきたりを破らせるには十分過ぎるほどであったという。
2,1,"""I do not wish to see your face clouded with fear. Speak your desire.""",「私はお前が不安に怯える顔など見たくは無い。望みがあるなら申せ」
2,1,"Out of his love for Claudia, the Count answered thus.",クラウディアを愛するが故、伯爵はこのように答えた。
2,1,"However, Claudia's request in response was far from peaceful.",しかしそれに对するクラウディアの要望は穏便なものではなかった。
2,1,"{""text"":""\""If the neighboring nations did not exist, I believe my fear of being invaded would vanish as well.\"""",""highlight"":true}","{""text"":""「隣国が無ければ、攻め込まれる不安も無くなると思うのです」"",""highlight"":true}"
2,1,,
2,1,"It was a dangerous proposal. The Count, naturally intelligent, had not used the ""Red Power"" once since that day three years ago.",剣呑な提案である。元来聡明な伯爵は、現に3年前のあの日以来「赤の力」を用いたことは無い。
2,1,It seemed unbelievable that such a Count would launch a preemptive strike when they had not even been attacked.,その伯爵が、いまだ攻め込まれてもいない状況で先制攻撃をするととは思えぬ。
2,1,"""...Very well. I need only destroy the neighboring nations, then.""",「……わかった。隣国を滅ぼせばよいのだな」
2,1,"Yet for some reason, the Count accepted Claudia's wish without a shred of hesitation.",しかしなぜか、伯爵は一片の逡巡もなくクラウディアの願いを受け入れていた。
2,1,"As if... spellbound by something.",まるでなにかにか、魅入られたように――
2,2,"Thus, ${""text"":""Count Verdet"",""annotation"":0}$ marched to war, and of the five neighboring nations surrounding his realm, he destroyed two in just three weeks.","かくして${""text"":""ヴェルデ伯爵"",""annotation"":0}$は出征し、領国を取り囲む５つの隣国のうち２つを、わずか３週間で滅ぼした。"
2,2,"It was an expedition accompanied by only a handful of attendants. Yet the ""${""text"":""Red Power"",""annotation"":5}$,"" unused for three years, was unleashed to its fullest, reducing the knights of the neighboring nations to black ash without exception.","わずかな従者のみを引き連れての出征である。しかし3年間使われることの無かった「${""text"":""赤の力"",""annotation"":5}$」が存分に振るわれ、隣国の騎士たちはことごとく黒い灰と化した。"
2,2,"Furthermore, during the expedition, the realm's defenses would be weakened in the Count's absence. Anxious about this, Count Verdet ordered ${""text"":""Reinhard"",""annotation"":1}$ to forcibly conscript citizens and form a defense force.","なお出征にあたり伯爵不在の間、領国の守りは手薄になる。それを案したヴェルデ伯爵は${""text"":""ラインハルト"",""annotation"":1}$に、民兵を強制徴用し守備隊を編成せよと命じた。"
2,2,"""My Lord, why must we conquer and destroy the neighboring nations now?""",「伯爵、なぜ今、隣国を攻め滅ぼす必要があるのですか？」
2,2,"Moreover, it was a policy that forced hardship upon the populace. Reinhard's doubts were entirely reasonable.",しかも、領民に無理を強いる施策である。ラインハルトの疑問は尤もであった。
2,2,"""There is no need for you to question the reason. You need only obey my words.""",「貴公が理由を考える必要は無い。たた余の言に従えばよいのだ」
2,2,Reinhard could not comprehend what had caused Count Verdet to change so drastically.,何がきっかけでヴェルデ伯爵がこのように豹変したのか、ラインハルトには理解できない。
2,2,"Yet Reinhard, too, feared the Count after witnessing the ""Red Power"" firsthand, and could not press his opposition any further.",しかしラインハルトもまた「赤の力」を目の当たりにし伯爵を畏れていたので、それ以上強く反駁することはできなかった。
2,2,"""Three countries remain... Until all ${""text"":""five"",""clueId"":1}$ neighboring nations are pacified, ${""text"":""a single miss will not be permitted"",""clueId"":1}$.""","「残るは３カ国……${""text"":""５"",""clueId"":1}$つの隣国すべてを平定するまで、${""text"":""失敗は許されぬ"",""clueId"":1}$」"
2,2,"Reinhard's counsel on this occasion—just prior to the third expedition—would be his ${""text"":""last"",""clueId"":2}$.","ラインハルトの具申はこの時――３度目の出征直前が${""text"":""最後"",""clueId"":2}$であった。"
2,2,"It is said that ${""text"":""the expression of the Count"",""clueId"":2}$, who had once been so gentle, was twisted into an evil smile at that moment.","あれほど穏和たったはずの${""text"":""伯爵の表情"",""clueId"":2}$が、この時邪悪な笑みに歪んでいたという。"
2,2,And the reason Reinhard offered no further counsel lay in the following turn of events:,そして、ラインハルトがそれ以上の具申をしなかった理由は、実に次のような経緯であった。
2,2,,
2,2,"{""text"":""\""The Count has changed.\nYou are the only one who can stop his rampage, Lord Reinhard.\"""",""highlight"":true}","{""text"":""「伯爵様は、変わってしまわれました。\nあのお方の暴走を止められるのは、ラインハルト様たけです」"",""highlight"":true}"
2,3,"While ${""text"":""Count Verdet"",""annotation"":0}$ was away from the castle on campaign, ${""text"":""Claudia"",""annotation"":3}$ pleaded with ${""text"":""Reinhard"",""annotation"":1}$, her eyes filled with sorrow.","{""text"":""ヴェルデ伯爵"",""annotation"":0}$が出征で城を留守にしている間に、悲しげな目で${""text"":""ラインハルト"",""annotation"":1}$に言い募る${""text"":""クラウディア"",""annotation"":3}$である。"
2,3,"Reinhard had harbored feelings for Claudia from the start. No, it was more than mere affection.",もとよりラインハルトは、クラウディアのことを好いていた。いや、好いていたどころでは無い。
2,3,"Over these past three years, not a single night had passed where he went to sleep without thinking of Claudia.",この３年間、クラウディアのことを想わず眠りについたことは一晩も無い
2,3,"Reinhard's heart had remained in the grip of the beautiful Claudia. Yet she was the Countess.",ラインハルトの心は、美しきクラウディアの腕であり続けた。だがクラウディアは伯爵夫人である。
2,3,"Therefore, he had merely restrained himself so that his feelings would not spill over.",それゆえ、想いが長に溢れぬよう自制していたに過ぎない。
2,3,"{""text"":""\""Lord Reinhard, you, with your kind heart, are the one truly fit to rule this land...\nPlease defeat the Count and grant me true peace.\"""",""highlight"":true}","{""text"":""「ラインハルト様、お優しい貴方様こそかこの地を治めるにふさわしいお方です……\nどうか伯爵を打ち破り、真の安寧を私にお与え下さい」"",""highlight"":true}"
2,3,"They were merely a few words of entreaty from Claudia, yet they were more than enough to shake Reinhard's heart.",クラウディアによるわずか二言三言の願いであったが、ラインハルトの心を揺さぶるには余りある。
2,3,"Of course, at this time, Reinhard had no way of knowing that Claudia herself was the very person who had asked the Count to conquer the neighboring lands.",無論この時ラインハルトは、クラウディアこそが伯爵に隣国制圧を願った張本人であるとは知る由も無い。
2,3,"Thus, the resolve for rebellion was forged.",こうして、謀反の決意は固まった。
2,3,"However, the means remained a problem. Contending directly against the Count's ""${""text"":""Red Power"",""annotation"":5}$Red Power"" was utterly unthinkable.","ただし手段が問題である。伯爵の「${""text"":""赤の力"",""annotation"":5}$」と渡り合うなど、到底考えられぬ。"
2,3,"Head-on, no one could match him. In that case, he had no choice but to rely on someone whose profession was assassination—an top-tier, highly skilled master.",正面からでは誰一人かなわないのだ。ならば暗殺を専業とする者、それも超一流の手練れにやらせるしかない。
2,3,"Thinking thus, Reinhard relied on connections in the city, had an assassin renowned in the underworld ${""text"":""recommended"",""clueId"":3}$ to him, and successfully made contact.","そう考えたラインハルトは市井のつてを頼り、裏社会で名を馳せた暗殺者を${""text"":""推薦"",""clueId"":3}$され、接触に成功した。"
2,3,"The people of the underworld referred to that assassin as the ""Final ${""text"":""Assassin"",""clueId"":3}$""—","裏社会の人々はその暗殺者を「最後の${""text"":""アサシン"",""clueId"":3}$」と呼んでいる、という――"
2,4,"The Final Assassin's name was ${""text"":""Maquire"",""annotation"":4}$.","最後のアサシン、その名は${""text"":""マクイヤ"",""annotation"":4}$。"
2,4,"Though still young, he had already washed his hands of the assassination trade. Every time he erased a human life, he felt as though something inside himself was lost piece by piece. Unable to endure it any longer roughly five years ago, he chose a legitimate job with low pay instead.",既に若くして暗殺の生業からは足を洗っていた。人の命をひとつ消し去るたびに、自分のなかのなにかがひとつずつ失われるような感覚が常にあった。およそ５年前それに耐えきれなくなり、報酬は少ないが真っ当な仕事に身を置くことにしたのだった。
2,4,"However, now he was in desperate need of a large sum of money.",ところが今彼は、大金を必要としている。
2,4,"Maquire had a younger sister. Yet from three years ago until today, she had not been able to rise from her bed even once.",マクイヤには妹がいた。しかしその妹は3年前から今日に作るまで、床から起き上がったことは一度も無い。
2,4,She was afflicted by an unidentified pulmonary disease.,原因不明の肺病に、冒されているのだ。
2,4,"A doctor prescribed expensive medication, and thanks to that medicine, his sister's life was barely maintained, but it possessed no efficacy to cure her completely.",医師は高価な薬を処方し、その薬のおかげでかろうじて妹の命は保たれているのだが、快癒できるほどの効能はない。
2,4,"Maquire had been buying the medicine by spending down the savings from his days as an assassin, but now even those were on the verge of running out.",暗殺を生業としていた頃の蓄えを切り崩し薬を買い続けていたマクイヤたったか、もはやそれも尽きかけている。
2,4,"Therefore, when he heard ${""text"":""Reinhard"",""annotation"":1}$'s request, he had only one choice.","それゆえ、${""text"":""ラインハルト"",""annotation"":1}$の依頼を聞いたとき、彼の選択肢はひとつしかなかった。"
2,4,"""I will never let you die.""",「お前は、絶対に死なせない」
2,4,A grim determination sharpened Maquire's spirit.,強い覚悟が、マクイヤの精神を研ぎ澄ませる。
2,4,,
2,4,"However—Maquire did not know at this time. The reason his sister fell ill was that she had inhaled the ""${""text"":""Ash of Atonement"",""annotation"":7}$"" left behind after being burned by ${""text"":""the Count"",""annotation"":0}$'s ""${""text"":""Red Power"",""annotation"":5}$."" And the reason his sister had managed to survive was not due to the medicine's efficacy, but thanks to the ""${""text"":""White Power"",""clueId"":4,""annotation"":6}$"" that Maquire himself possessed.","ただし――この時のマクイヤは知らない。妹が病んだのは、${""text"":""伯爵"",""annotation"":0}$の「${""text"":""赤の力"",""annotation"":5}$」で燃やされた跡に残る「${""text"":""懺悔の灰"",""annotation"":7}$」を吸い込んでいたことが原因であると。そして妹が死なずに済んでいるのは薬の効能ではなく、マクイヤ自身が持つ「${""text"":""白の力"",""clueId"":4,""annotation"":6}$」のおかげであることを。"
3,0,"{""text"":""Maquire"",""annotation"":4}$ was awaiting his opportunity.","{""text"":""マクイヤ"",""annotation"":4}$は機会をうかがっていた。"
3,0,"Since the day before that, Maquire had been working in ${""text"":""the Count"",""annotation"":0}$'s castle as a servant. It was ${""text"":""Reinhard"",""annotation"":1}$ who had facilitated his entry.","{""text"":""ヴェルデ伯爵"",""annotation"":0}$か５つの隣国すべてを平定し凱旋したのが２週間前。その前日からマクイヤは、使用人として伯爵の居城で働いている。手引きをしたのは${""text"":""ラインハルト"",""annotation"":1}$である。"
3,0,"Day after day, Maquire continued to observe the Count's daily routine. What time he slept, what time he awoke, what time he dined, and what time he conducted official business...",日々、マクイヤは伯爵の日常を観察し続けていた。何時に眠り、何時に起き、何時に食事を取り、何時に執務を行うのか……
3,0,"To ensure a successful assassination, one must know everything about the target. This was an ironclad rule Maquire had set for himself.",暗殺を成功させるために、対象のすべてを知るべし。これはマクイヤが己自身に定めた鉄則であった。
3,0,"Though his days as an assassin were far behind him, the ingrained habits remained unextinguished.",暗殺者としての日々は遠く過ぎ去っていたが、いまだ刻まれた業は消えぬ。
3,0,Yet it was thanks to such prudence and meticulous preparation that Maquire had successfully eliminated even difficult targets that other peers had completely failed to kill.,しかしこういった用心深さ、周到な準備のおかけで、他の同業者がことごとく仕損した困難な対象をも、マクイヤは仕留めてきた。
3,0,"The final destination for clients whose objectives had gone unfulfilled was Maquire—the reason he was called the ""Final Assassin.""",目的を果たせなかった依頼人が最後に訪れる先はマクイヤ――“最後のサシン”と呼ばれる由縁であった。
3,0,That very Maquire was about to face the moment of execution. The Count was asleep in his darkened bedroom.,そのマクイヤが、決行の時を迎えようとしていた。灯りを消した寝室で伯爵が眠りに就いている。
3,0,"Before dawn, when sleep was deepest, he would pierce the heart with a dagger. Soundlessly and quietly, the deed would be done.",最も眠りの深い夜明け前に、短剣で心臓を貫く。音も無く静かに、事は成されるであろう。
3,0,"After long observation, it was the optimal time and place chosen by Maquire.",長い観察の末、マクイヤが選んだ最適の時間と場所であった。
3,0,,
3,0,"Now, Maquire slowly opened the bedroom door. The skill to move without making footsteps was essential for an assassin, and that skill had not rusted.",今マクイヤは、ゆっくりと寝室の扉を開く。足音を消して進む技能は暗殺者にとって必須であり、その技能は錆び付いてはいなかった。
3,0,"Advancing a few steps, he caught sight of the Count sleeping deeply within arm's reach.",数歩進み、腕の届く距離に、深く眠っている伯爵を捉える。
3,0,Bringing down the dagger gripped in his right hand would end everything—,右手に握った短剣を振り下ろせは、すべてが終わる――
3,0,,
3,0,"Yet at that very instant, Maquire was engulfed in crimson flames.",ところがその刹那、マクイヤは紅蓮の炎に包まれた。
3,0,"On the bedroom floor, a pile of black ash remained.",寝室の床には、黒い灰の山が残った。
3,1,"Dawn broke, and in the grand hall, ${""text"":""Count Verdet"",""annotation"":0}$, ${""text"":""Claudia"",""annotation"":3}$, and ${""text"":""Reinhard"",""annotation"":1}$ sat at the table eating breakfast.","夜が明け、広間で${""text"":""ヴェルデ伯爵"",""annotation"":0}$と${""text"":""クラウディア"",""annotation"":3}$、そして${""text"":""ラインハルト"",""annotation"":1}$がテーブルに着き、朝食を摂っている。"
3,1,"Reinhard was violently shaken. He had heard from ${""text"":""Maquire"",""annotation"":4}$ that the assassination would take place at dawn today.","ラインハルトは激しく動揺していた。彼は、暗殺決行が今日の未明であることを${""text"":""マクイヤ"",""annotation"":4}$から聞いていた。"
3,1,"Despite this, the Count before him was eating his meal calmly, as if nothing had happened. And among the servants, Maquire was nowhere to be seen.",にも関わらず目の前の伯爵は何事も無かったかのように落ち着き払い食事をしている。そして使用人たちの中に、マクイヤの姿が無かった
3,1,"""Reinhard, what are you afraid of?""",「ラインハルトよ、なにを怯えている？」
3,1,Count Verdet asked coldly. Reinhard was struck mute.,ウェルテ伯爵は淡々と問う、ラインハルトは絶句している。
3,1,"""You have worked well for me until today.""",「今日までよく働いてくれたな」
3,1,The Count slowly rose and raised his right hand toward Reinhard.,伯爵はゆっくりと立ち上がり、ラインハルトに向け、右手をかざした。
3,1,,
3,1,"""...Farewell.""",「……さらばだ」
3,1,,
3,1,"No sooner had he spoken than the Count engulfed Reinhard, along with the table, in a roaring inferno.",言うやいなや伯爵は、テーブルもろともラインハルトを轟炎で覆い尽くす。
3,1,"""You sent an assassin against me and plotted to usurp my place.""",「貴公は余に暗殺者を差し向け、余に取って代わろうと企んでいた」
3,1,"Expressing no emotion whatsoever, the Count spoke.",何らの感情も表に出さす、伯爵は言う。
3,1,"""Claudia told me everything.""",「すべてクラウディアが教えてくれたのだ」
3,1,"Hearing those words, Reinhard was struck with shock in his final moments. He looked at Claudia, who stood beside the Count.",その一言を聞き、死の間際にいるラインハルトは衝撃を受けたそして伯爵の傍らに立つクラウディアを見た。
3,1,"""Claudia... why...?""",「クラウディア……なぜだ……」
3,1,"He asked in a squeezed, desperate voice, but Claudia did not answer.",絞り出すような点で問いかけるが、クラウティアは答えない。
3,1,"The ${""text"":""last"",""clueId"":0}$ thing Reinhard saw before expiring was Claudia—cold, yet beautiful as a ${""text"":""goddess"",""clueId"":0}$.","ラインハルトが絶命の時${""text"":""最後"",""clueId"":0}$に見たものは、冷淡にして${""text"":""女神"",""clueId"":0}$のように美しいクラウディアであった。"
3,2,"{""text"":[""\""With this, this realm, the surrounding lands... yes, even the "",{""text"":""stars"",""clueId"":1},"" shining in the heavens belong to you now.\""""],""highlight"":true}","{""text"":[""「これでこの時も、周りの国々も……そう、天に輝く"",{""text"":""星"",""clueId"":1},""々さえも、あなたのものですわ」""],""highlight"":true}"
3,2,"Smiling, ${""text"":""Claudia"",""annotation"":3}$ nestled against ${""text"":""the Count"",""annotation"":0}$.","微笑みつつ${""text"":""伯爵"",""annotation"":0}$に寄り添う${""text"":""クラウディア"",""annotation"":3}$である。"
3,2,"""Indeed. Now, let us resume breakfast.""",「そうだな。では改めて朝食にしよう」
3,2,The Count called for a servant. Yet no voice answered. The servants had all scattered and fled. It was only natural.,伯爵は使用人を呼んだ。しかしそれに応える声は無い。使用人は、ことごとく逃げ散っていた。当然であろう。
3,2,"The Count's ""${""text"":""Red Power"",""annotation"":5}$"" had been directed even at his own kin. Whatever circumstances had led to this, the servants could not understand.","伯爵の「${""text"":""赤の力"",""annotation"":5}$」は血縁者にまで向けられた。どのような経緯があったのか、使用人たちには理解できぬ。"
3,2,They could only feel fear and draw away.,ただ畏れ、遠ざかることしかできない。
3,2,"""${""text"":""The butler"",""clueId"":2}$ who brewed tea for me every night... ${""text"":""what was his name"",""clueId"":2}$...? Has he vanished as well?""","「毎夜紅茶を淹れてくれた${""text"":""執事の……名はなんと言ったか……彼"",""clueId"":2}$も、既におらぬか」"
3,2,The Count himself could not understand why all the servants had fled. He could no longer even recall the name of the butler who had served him with utter loyalty.,当の伯爵は、なぜ使用人が皆逃げたのか理解できずにいる。忠誠を尽くしていた執事の名すら、思い出せなくなっている。
3,2,"""Ah, well. Claudia, as long as I have you by my side.""",「まあよい。クラウディアよ、お前さえ側にいてくれれば」
3,2,"He had slain the assassin sent against him, and subsequently erased his own cousin. It was an abnormal state of affairs.",暗殺者を返り討ちにし、次いで従兄弟をも消し去った。異常な事態である。
3,2,"Yet the Count laughed hollowly, his eyes glaring intensely—as if reflecting an uncontrollable ambition.",しかし伯爵は虚ろに笑い、その瞳は爛々とぎらついていた。抑えきれぬ野心を映すように。
3,2,,
3,2,At that moment—a figure suddenly burst into the grand hall.,その時――大広間に突如として人影が飛び込んできた。
3,3,"""You are...?!""",「貴様は……！？」
3,3,,
3,3,"{""text"":""The Count"",""annotation"":0}$ was astonished. For the assassin who should have been reduced to ash in the bedroom before dawn was now standing right before his eyes.","{""text"":""伯爵"",""annotation"":0}$は驚愕した。なぜなら夜明け前に寝室で灰と化したはずの暗殺者が今、眼前に立っている。"
3,3,"His attire was not that of a servant, but clothes resembling those of a nobleman.",服装は使用人のそれではなく、まるで貴族のような着衣であった。
3,3,"Perhaps what the Count had burned with his ""${""text"":""Red Power"",""annotation"":5}$"" was merely the servant's clothes ${""text"":""Maquire"",""annotation"":4}$ had worn layered over his own garments.","伯爵が「${""text"":""赤の力"",""annotation"":5}$」で燃やしたのは、${""text"":""マクイヤ"",""annotation"":4}$が着衣の上に重ねていた使用人の服のみであったのかも知れない。"
3,3,It could only be interpreted that a mysterious power had protected Maquire.,不思議な力が、マクイヤを護ったとしか解釈できぬ。
3,3,,
3,3,"""...I don't understand it myself. Why I am alive. But this much, I know.""",「……俺にもわからない。なぜ俺が生きているのか。ただ、これだけはわかる」
3,3,"Resurrected from the brink of death, Maquire ${""text"":""confronted"",""clueId"":3}$ ${""text"":""Claudia"",""annotation"":3}$ standing beside the Count and shouted:","死の淵から蘇ったマクイヤは、伯爵の傍らに立つ${""text"":""クラウディア"",""annotation"":3}$に${""text"":""対峙"",""clueId"":3}$し、叫ぶ。"
3,3,,
3,3,"""The one who manipulated Count Verdet and ${""text"":""Viscount Reinhard"",""annotation"":1}$, leading them into conflict—was you!""","「ヴェルデ伯爵と${""text"":""ラインハルト子爵"",""annotation"":1}$を操り、争いを導いたのは、お前だ！」"
3,4,"""Cease this nonsense; it is not worth listening to.""",「聞くに値しない戯言はやめよ」
3,4,"{""text"":""Count Verdet"",""annotation"":0}$ manifested the ""${""text"":""Red Power"",""annotation"":5}$"" once more, raining fire upon ${""text"":""Maquire"",""annotation"":4}$. Yet at that moment, Maquire's entire body was enveloped in a white light.","{""text"":""ヴェルテ伯爵"",""annotation"":0}$は再び「${""text"":""赤の力"",""annotation"":5}$」を発現し、${""text"":""マクイヤ"",""annotation"":4}$に炎を浴びせる。しかしその時マクイヤの全身は白い光に包まれ。"
3,4,It repelled the crimson hellfire—!,紅蓮の業火を跳ね返した――！
3,4,"""...What is the meaning of this?""",「……どういうことだ？」
3,4,"Now, the Count's complexion held not just shock, but a faint trace of anxiety. And the white light enveloping Maquire expanded even further, swallowing both the Count and ${""text"":""Claudia"",""annotation"":3}$, filling the grand hall with radiance before finally subsiding.","今や伯爵の顔色は驚きのみではなく、微かな不安が含まれている。そしてマクイヤを包む白い光はさらに大きく拡がり、伯爵と${""text"":""クラウディア"",""annotation"":3}$を呑み込み、大広間を輝きで満たした後、ようやく収まった。"
3,4,"{""text"":[""\""Hehehe... Thanks to hovering between life and death, you awakened to the "",{""text"":""White Power"",""annotation"":6},"", didn't you?\""""],""highlight"":true,""textStyle"":""bolditalic""}","{""text"":[""「フフフ……君、生死を彷徨ったおかげで、"",{""text"":""白の力"",""annotation"":6},""に目覚めたんだね」""],""highlight"":true,""textStyle"":""bold""}"
3,4,The owner of the voice belonged to neither the Count nor Claudia.,声の主は伯爵でもクラウティアでもなかった。
3,4,"""Y-You are... from that time?!""",「そ、そなたは……あの時の！？」
3,4,"The Count recognized the figure. They appeared both male and female. They looked young, yet possessed a composure no youth could harbor.",伯爵には見覚えがあった。男にも見えるし女にも見える。若者に見えるが若者には持ち得ぬ落ち着きかある。
3,4,"The inscrutable entity who had granted the ""Red Power"" to Count Verdet three years ago—",３年前、ウェルデ伯爵に「赤の力」を与えた、得体の知れぬ者――
3,4,"{""text"":[""\""My name is "",{""text"":""Feuerrote Phönix"",""annotation"":2},"". Because I received the White Power, my incarnation has broken.\""""],""clueId"":4,""highlight"":true,""textStyle"":""bolditalic""}","{""text"":[""「私の名は"",{""text"":""朱雀"",""annotation"":2},""。白の力を受けたせいで、化身が解けてしまったよ」""],""clueId"":4,""highlight"":true,""textStyle"":""bold""}"
3,4,"Countess Claudia's true form—was the legendary divine beast, Phönix.",伯爵夫人クラウティアの真の姿は――伝説の神獣、朱雀だった。
3,4,"""White Power? I don't understand it. All I know is that if you hadn't been here, none of this would have happened!""",「白の力？俺にはわからない。たたわかるのは、お前がいなければこんなことにはなっていなかった！」
3,4,"Maquire shouted, glaring at Phönix with eyes full of rage. As if responding to Maquire's fury, his body began to emit a faint white light once more.",怒りを込めた目で朱雀を睨み叫ぶマクイヤ。その身体はマクイヤの激昂に呼応するかのごとく、再びうっすらと白い光を帯びつつある。
3,4,"{""text"":""\""The White Power illuminates the truth...\nBut your interpretation is wrong. Incorrect.\"""",""highlight"":true,""textStyle"":""bolditalic""}","{""text"":""「白の力は真実を照らす……\nたが君の解釈は違うな。間違っている」"",""highlight"":true,""textStyle"":""bold""}"
3,4,"Wearing a faint smile, Phönix replied:",薄笑いを浮かべながら朱雀はこう答えた。
3,4,"{""text"":""\""I merely granted the power. The one who decided how to use that power was that man.\"""",""highlight"":true,""textStyle"":""bolditalic""}","{""text"":""「私は力を与えただけたよ。力の使い方を決めたのはその男さ」"",""highlight"":true}"
3,4,"It was Phönix who had incarnated as the beauty named Claudia and proposed the invasion of neighboring lands. Yet it was neither coercion nor hypnosis. Ultimately, it had been the Count's own will.",クラウディアという美女に化身し、隣国への侵攻を提案したのは朱雀である。しかしそれは強制でも無く、催眠でも無い。あくまで伯爵の意志であった
3,4,"Similarly, it was Phönix who had incited ${""text"":""Reinhard"",""annotation"":1}$ to rebel. Yet it was still Reinhard's own will to give up on persuading the Count and invite an assassin instead.","同様に、${""text"":""ラインハルト"",""annotation"":1}$に謀反を唆したのも朱雀である。しかし伯爵に対する説得を諦め暗殺者を招き入れたのは、やはりラインハルトの意志であった。"
3,5,"{""text"":""\""Humans are truly fascinating.\nIf granted excessive power, they are swallowed by it and reveal their true natures.\nOr, to gain what they desire, they will try to bury even those with whom they have held hands for years.\"""",""highlight"":true,""textStyle"":""bolditalic""}","{""text"":""「人間というものは実に面白い。\n過きた力を与えればそれに呑まれ、本性を露わにする。\nあるいは欲しいものを手に入れるためなら、何年も手を取り合ってきた人間すら葬り去ろうとする」"",""highlight"":true,""textStyle"":""bold""}"
3,5,"The former alluded to ${""text"":""Count Verdet"",""annotation"":0}$, the latter to ${""text"":""Reinhard"",""annotation"":1}$. ${""text"":""Phönix"",""annotation"":2}$ leaked a chuckle, as if immersed in delight.","前者は${""text"":""ヴェルテ伯爵"",""annotation"":0}$を、後者は${""text"":""ラインハルト"",""annotation"":1}$を示唆しているのであろう。${""text"":""朱雀"",""annotation"":2}$は愉悦に浸るかのごとく、含み笑いを漏らす。"
3,5,"""...I see. I was intoxicated by power, and lost sight of what was truly important.""",「……そうか。余は力に溺れ、大切なものを見失っていたというのか」
3,5,,
3,5,"The Count assumed a posture that was sorrowful yet resolute, cloaking his entire body in the ""${""text"":""Red Power"",""annotation"":5}$.""","伯爵は寂しげに、しかし力強く構え「${""text"":""赤の力"",""annotation"":5}$」を、己の全身に纏った。"
3,5,"""I must atone... for the sins I have committed.""",「償わねばならぬな、犯した過ちを」
3,5,,
3,5,"Along with flames that burned with exceptional intensity, the Count embraced Phönix in his arms. He likely intended to burn Phönix while consuming himself in the flames. However—",一際激しく燃えさかる炎とともに、伯爵は朱雀をかき抱いた。自らの身を燃やしながら、朱雀をも燃やすつもりであったのたろう。ところが――
3,5,"{""text"":""\""That was a wonderful distraction from boredom.\nI doubt I will meet you again, but someday I shall return to observe human nature once more.\nHahaha...\"""",""highlight"":true,""textStyle"":""bolditalic""}","{""text"":""「いい退屈しのぎだった。\n君らと会うことはもうないだろうが、またいつか人間の本性を見に来るよ。\nハハハハッ……」"",""highlight"":true,""textStyle"":""bold""}"
3,5,,
3,5,"With a loud laugh, Phönix vanished from the spot. The Count breathed his last within the flames he himself had created.",高笑いとともに朱雀はその場から消えてゆく。伯爵は自らが生み出した炎の中で息絶えた。
3,5,,
3,5,"Only ${""text"":""Maquire"",""annotation"":4}$ remained in the grand hall. The ""Final Assassin"" had survived until the very end this time as well.","大広間には${""text"":""マクイヤ"",""annotation"":4}$だけが残った。“最後のアサシン”は、今回も最後まで生き延びた。"
3,5,"That Maquire gazed silently at the Count, who had been reduced to ash. Deep behind the ash was a wall where, ironically, hung a portrait of the Count from the time he was called a wise ruler—overflowing with justice and dignity.",そのマクイヤが、灰と化した伯爵をじっと見る。灰の奥には壁があり、そこには皮肉にも、名君と呼ばれていた頃の、正義と威厳に溢れる伯爵の肖像画が飾られていた。
3,5,,
3,5,"Afterward, when Maquire returned home, his sister was there, fully cured of her pulmonary disease.",その後マクイヤが我が家に帰るとそこには肺病から快癒した妹がいた。
3,5,"Because the master of the ""Red Power"" had vanished from this world, the plague caused by the ""${""text"":""Ash of Atonement"",""annotation"":7}$"" had dissipated at the same time.","「赤の力」の持ち主がこの世界から消えたおかげで同時に「${""text"":""懺悔の灰"",""annotation"":7}$」が引き起こす疫病も消え去ったのである。"
3,5,,
3,5,This was the first and last time Maquire had failed an assassination.,マクイヤが暗殺に失敗したのはこれが最初にして最後である。
3,5,Yet his true objective had been fulfilled.,しかし、彼の目的は達せられた。
