questId,dungeonId,questType,value,endTime,rankingId,musicId0,musicId1,musicId2,chartType0,chartType1,chartType2
,,,,,,,,,,,
int,int,story=1|hunting|challenge,int,number,int,int,int,int,none=-1|basic|medium|hard|whiteHard,none=-1|basic|medium|hard|whiteHard,none=-1|basic|medium|hard|whiteHard
0,0,story,1,2147483647,0,-1,-1,-1,none,none,none
0,1,story,1,2147483647,0,-1,-1,-1,none,none,none
0,2,story,1,2147483647,0,-1,-1,-1,none,none,none
1,3,story,1,2147483647,0,-1,-1,-1,none,none,none
1,4,story,1,2147483647,0,-1,-1,-1,none,none,none
1,5,story,1,2147483647,0,-1,-1,-1,none,none,none
2,6,story,1,2147483647,0,-1,-1,-1,none,none,none
2,7,story,1,2147483647,0,-1,-1,-1,none,none,none
2,8,story,1,2147483647,0,-1,-1,-1,none,none,none
3,9,story,1,2147483647,0,-1,-1,-1,none,none,none
4,10,story,1,2147483647,0,-1,-1,-1,none,none,none
4,11,story,1,2147483647,0,-1,-1,-1,none,none,none
4,12,story,1,2147483647,0,-1,-1,-1,none,none,none
5,13,story,1,2147483647,0,-1,-1,-1,none,none,none
5,14,story,1,2147483647,0,-1,-1,-1,none,none,none
5,15,story,1,2147483647,0,-1,-1,-1,none,none,none
6,16,story,1,2147483647,0,-1,-1,-1,none,none,none
6,17,story,1,2147483647,0,-1,-1,-1,none,none,none
6,18,story,1,2147483647,0,-1,-1,-1,none,none,none
7,19,story,1,2147483647,0,-1,-1,-1,none,none,none
8,20,story,1,2147483647,0,-1,-1,-1,none,none,none
8,21,story,1,2147483647,0,-1,-1,-1,none,none,none
8,22,story,1,2147483647,0,-1,-1,-1,none,none,none
9,23,story,1,2147483647,0,-1,-1,-1,none,none,none
9,24,story,1,2147483647,0,-1,-1,-1,none,none,none
9,25,story,1,2147483647,0,-1,-1,-1,none,none,none
10,26,story,1,2147483647,0,-1,-1,-1,none,none,none
10,27,story,1,2147483647,0,-1,-1,-1,none,none,none
10,28,story,1,2147483647,0,-1,-1,-1,none,none,none
11,29,story,1,2147483647,0,-1,-1,-1,none,none,none
31,56,story,1,2147483647,0,-1,-1,-1,none,none,none
31,57,story,1,2147483647,0,-1,-1,-1,none,none,none
31,58,story,1,2147483647,0,-1,-1,-1,none,none,none
32,59,story,1,2147483647,0,-1,-1,-1,none,none,none
32,60,story,1,2147483647,0,-1,-1,-1,none,none,none
32,61,story,1,2147483647,0,-1,-1,-1,none,none,none
33,62,story,1,2147483647,0,-1,-1,-1,none,none,none
33,63,story,1,2147483647,0,-1,-1,-1,none,none,none
33,64,story,1,2147483647,0,-1,-1,-1,none,none,none
34,65,story,1,2147483647,0,-1,-1,-1,none,none,none
35,66,story,1,2147483647,0,-1,-1,-1,none,none,none
35,67,story,1,2147483647,0,-1,-1,-1,none,none,none
35,68,story,1,2147483647,0,-1,-1,-1,none,none,none
36,69,story,1,2147483647,0,-1,-1,-1,none,none,none
36,70,story,1,2147483647,0,-1,-1,-1,none,none,none
36,71,story,1,2147483647,0,-1,-1,-1,none,none,none
37,72,story,1,2147483647,0,-1,-1,-1,none,none,none
37,73,story,1,2147483647,0,-1,-1,-1,none,none,none
37,74,story,1,2147483647,0,-1,-1,-1,none,none,none
38,75,story,1,2147483647,0,-1,-1,-1,none,none,none
39,76,story,1,2147483647,0,-1,-1,-1,none,none,none
40,77,story,1,2147483647,0,-1,-1,-1,none,none,none
41,78,story,1,2147483647,0,-1,-1,-1,none,none,none
42,79,story,1,2147483647,0,-1,-1,-1,none,none,none
48,94,story,1,2147483647,0,-1,-1,-1,none,none,none
48,95,story,1,2147483647,0,-1,-1,-1,none,none,none
48,96,story,1,2147483647,0,-1,-1,-1,none,none,none
12,30,hunting,1,2147483647,0,-1,-1,-1,none,none,none
13,31,hunting,1,2147483647,0,-1,-1,-1,none,none,none
14,32,hunting,1,2147483647,0,-1,-1,-1,none,none,none
15,33,hunting,1,2147483647,0,-1,-1,592,none,none,hard
15,34,hunting,1,2147483647,0,-1,-1,-1,none,none,none
15,35,hunting,1,2147483647,0,-1,-1,-1,none,none,none
15,36,hunting,1,2147483647,0,-1,-1,-1,none,none,none
16,37,hunting,1,2147483647,0,-1,-1,-1,none,none,none
17,38,hunting,1,2147483647,0,-1,-1,-1,none,none,none
17,39,hunting,1,2147483647,0,-1,-1,-1,none,none,none
17,40,hunting,1,2147483647,0,-1,-1,-1,none,none,none
17,41,hunting,1,2147483647,0,-1,-1,-1,none,none,none
17,42,hunting,1,2147483647,0,-1,-1,-1,none,none,none
18,43,hunting,1,2147483647,0,852,874,210,whiteHard,hard,whiteHard
19,44,hunting,1,2147483647,0,863,865,722,whiteHard,hard,whiteHard
20,45,hunting,1,2147483647,0,877,868,355,whiteHard,hard,whiteHard
21,46,hunting,1,2147483647,0,858,857,883,whiteHard,hard,whiteHard
23,48,hunting,2,2147483647,0,-1,-1,-1,none,none,none
24,49,hunting,1,2147483647,0,-1,-1,-1,none,none,none
25,50,hunting,1,2147483647,0,-1,-1,-1,none,none,none
26,51,hunting,1,2147483647,0,-1,-1,-1,none,none,none
27,52,hunting,1,2147483647,0,-1,-1,-1,none,none,none
28,53,hunting,1,2147483647,0,-1,-1,-1,none,none,none
29,54,hunting,1,2147483647,0,-1,-1,-1,none,none,none
30,55,hunting,1,2147483647,0,-1,-1,-1,none,none,none
44,90,hunting,1,2147483647,0,-1,-1,-1,none,none,none
45,91,hunting,1,2147483647,0,-1,-1,-1,none,none,none
46,92,hunting,1,2147483647,0,-1,-1,-1,none,none,none
47,93,hunting,1,2147483647,0,-1,-1,-1,none,none,none
50,102,hunting,1,2147483647,0,-1,-1,-1,none,none,none
51,103,hunting,1,2147483647,0,-1,-1,-1,none,none,none
52,104,hunting,1,2147483647,0,-1,-1,-1,none,none,none
53,105,hunting,1,2147483647,0,-1,-1,-1,none,none,none
54,106,hunting,1,2147483647,0,-1,-1,-1,none,none,none
55,107,hunting,1,2147483647,0,-1,-1,-1,none,none,none
56,108,hunting,1,2147483647,0,-1,-1,-1,none,none,none
57,109,hunting,1,2147483647,0,-1,-1,-1,none,none,none
58,110,hunting,1,2147483647,0,-1,-1,-1,none,none,none
59,111,hunting,1,2147483647,0,-1,-1,-1,none,none,none
43,80,challenge,1,2147483647,0,-1,-1,-1,none,none,none
43,81,challenge,1,2147483647,0,-1,-1,-1,none,none,none
43,82,challenge,1,2147483647,0,-1,-1,-1,none,none,none
43,83,challenge,1,2147483647,0,-1,-1,-1,none,none,none
43,84,challenge,1,2147483647,0,-1,-1,-1,none,none,none
43,85,challenge,1,2147483647,0,-1,-1,-1,none,none,none
43,86,challenge,1,2147483647,0,-1,-1,-1,none,none,none
43,87,challenge,1,2147483647,0,-1,-1,-1,none,none,none
43,88,challenge,1,2147483647,0,-1,-1,-1,none,none,none
43,89,challenge,1,2147483647,0,-1,-1,-1,none,none,none
49,97,challenge,1,2147483647,0,-1,-1,-1,none,none,none
49,98,challenge,1,2147483647,0,-1,-1,-1,none,none,none
49,99,challenge,1,2147483647,0,-1,-1,-1,none,none,none
49,100,challenge,1,2147483647,0,-1,-1,-1,none,none,none
49,101,challenge,1,2147483647,0,-1,-1,-1,none,none,none
