version,musicId,musicUid
,,
int,int,string
6,0,1l01
6,1,1l03
6,2,1l07
6,3,1l08
6,4,1l11
6,5,1l12
6,6,1l13
6,7,1l21
6,8,1l24
6,9,1l26
6,10,1l27
6,11,1l28
6,12,1l31
6,13,1k01
6,14,1k02
6,15,1k03
6,16,1k04
6,17,1k05
6,18,1k06
6,19,1k07
6,20,1k08
6,21,1k09
6,22,1k10
6,23,1k11
6,24,1k12
6,25,1k13
6,26,1k14
6,27,1k15
6,28,1k16
6,29,1k17
6,30,1k18
6,31,1k19
6,32,1k20
6,33,1k21
6,34,1k22
6,35,1k23
6,36,1k24
6,37,1k25
6,38,1k26
6,39,1t01
6,40,1t02
6,41,1t03
6,42,1t04
6,43,1t05
6,44,1t06
6,45,1t07
6,46,1t08
6,47,1t09
6,48,1t10
6,49,1t11
6,50,1t12
6,51,1t13
6,52,1t14
6,53,1t15
6,54,1t16
6,55,1t17
6,56,1t18
6,57,1t19
6,58,1t20
6,59,1t21
6,60,1t22
6,61,1t23
6,62,1t24
6,63,1t25
6,64,1t26
6,65,1t27
6,66,1t28
6,67,2l01
6,68,2l02
6,69,2l03
6,70,2l04
6,71,2l05
6,72,2l06
6,73,2l07
6,74,2l09
6,75,2l10
6,76,2l11
6,77,2l12
6,78,2l13
6,79,2l14
6,80,2l15
6,81,2l16
6,82,2l18
6,83,2l19
6,84,2l20
6,85,2l21
6,86,2l22
6,87,2l23
6,88,2l24
6,89,2l25
6,90,2l26
6,91,2l27
6,92,2l28
6,93,2k01
6,94,2k02
6,95,2k03
6,96,2k04
6,97,2k05
6,98,2k06
6,99,2k07
6,100,2k08
6,101,2k09
6,102,2k10
6,103,2k11
6,104,2k12
6,105,2k13
6,106,2k14
6,107,2k15
6,108,2k16
6,109,2k17
6,110,2k18
6,111,2k19
6,112,2k20
6,113,2k21
6,114,2k22
6,115,2k23
6,116,2k24
6,117,2k25
6,118,2k26
6,119,2k27
6,120,2k28
6,121,2k29
6,122,2k30
6,123,2t01
6,124,2t02
6,125,2t03
6,126,2t04
6,127,2t05
6,128,2t06
6,129,2t07
6,130,2t08
6,131,2t09
6,132,2t10
6,133,2t11
6,134,2t12
6,135,2t13
6,136,2t14
6,137,2t15
6,138,2t16
6,139,2t17
6,140,2t18
6,141,2t19
6,142,2t20
6,143,2t21
6,144,2t22
6,145,2t23
6,146,2t24
6,147,2t25
6,148,2t26
6,149,2t27
6,150,2t28
6,151,2t29
6,152,2t30
6,153,2t31
6,154,2t32
6,155,2t33
6,156,2t34
6,157,2t35
6,158,2t36
6,159,2t37
6,160,2t38
6,161,2t39
6,162,2t40
6,163,2t41
6,164,2t42
6,165,2t43
6,166,2t44
6,167,2t45
6,168,2t46
6,169,3l01
6,170,3l02
6,171,3l03
6,172,3l04
6,173,3l05
6,174,3l06
6,175,3l07
6,176,3l08
6,177,3l09
6,178,3l10
6,179,3l11
6,180,3l12
6,181,3l13
6,182,3l15
6,183,3l16
6,184,3l17
6,185,3l18
6,186,3l19
6,187,3l20
6,188,3k01
6,189,3k02
6,190,3k03
6,191,3k04
6,192,3k05
6,193,3k06
6,194,3k07
6,195,3k08
6,196,3k09
6,197,3k10
6,198,3k11
6,199,3k12
6,200,3k13
6,201,3k14
6,202,3k15
6,203,3k16
6,204,3k17
6,205,3k18
6,206,3k19
6,207,3k20
6,208,3k21
6,209,3k22
6,210,3k23
6,211,3t01
6,212,3t02
6,213,3t03
6,214,3t04
6,215,3t05
6,216,3t06
6,217,3t07
6,218,3t08
6,219,3t09
6,220,3t10
6,221,3t11
6,222,3t12
6,223,3t13
6,224,3t14
6,225,3t15
6,226,3t16
6,227,3t17
6,228,3t18
6,229,3t19
6,230,3t20
6,231,3l21
6,232,3l22
6,233,3l23
6,234,3l24
6,235,3l25
6,236,3l26
6,237,3l27
6,238,3l28
6,239,3l29
6,240,3l30
6,241,3l31
6,242,3k27
6,243,3k28
6,244,3k29
6,245,3k30
6,246,3k31
6,247,3k32
6,248,3k33
6,249,3k34
6,250,3k35
6,251,3k36
6,252,3k40
6,253,3k41
6,254,3k42
6,255,3k43
6,256,3k44
6,257,3m01
6,258,3m02
6,259,3m03
6,260,3m04
6,261,3m05
6,263,3m07
6,264,3m08
6,265,3m09
6,266,3m10
6,267,3k37
6,268,3k38
6,269,3m11
6,270,3t21
6,271,3t22
6,272,3t24
6,273,3t25
6,274,3t26
6,275,3t27
6,276,3t28
6,277,3t30
6,278,3t31
6,279,3t32
6,280,3t33
6,281,3t34
6,282,3t35
6,283,3t36
6,284,3t37
6,285,3t38
6,286,3t39
6,287,3t40
6,288,3t41
6,289,3t42
6,290,3t43
6,291,3t44
6,292,3t45
6,293,3t46
6,294,3t47
6,295,3l32
6,296,3l33
6,297,3l34
6,298,3l35
6,299,3l36
6,300,3l37
6,301,3l38
6,302,3l40
6,303,3l41
6,304,3k46
6,305,3k47
6,306,3k48
6,307,3k49
6,308,3k50
6,309,3k51
6,310,3k52
6,311,3k53
6,312,3k54
6,313,3k55
6,314,3k57
6,315,3k58
6,316,3k59
6,317,3k60
6,318,3k61
6,319,3k62
6,320,3k64
6,321,3m12
6,322,3t48
6,323,3t49
6,324,3t50
6,325,3t51
6,326,3t52
6,327,3t53
6,328,3t54
6,329,3t55
6,330,3t56
6,331,3t57
6,332,3t58
6,333,3t59
6,334,3t60
6,335,3t61
6,336,3t62
6,337,3t63
6,338,3t64
6,339,3t65
6,340,3t66
6,341,3t67
6,342,3t68
6,343,3l42
6,344,3l43
6,345,3l44
6,346,3l45
6,347,3k65
6,348,3k66
6,349,3k67
6,350,3k68
6,351,3k69
6,352,3k70
6,353,3k71
6,354,3k72
6,355,3k75
6,356,3k24
6,357,3k25
6,358,3k26
6,359,3m14
6,360,3t69
6,361,3t70
6,362,3t71
6,363,3t85
6,364,3t72
6,365,3t73
6,366,3t74
6,367,3t75
6,368,3t76
6,369,3t77
6,370,3t78
6,371,3t79
6,372,3t80
6,373,3t81
6,374,3t82
6,375,3t83
6,376,3t84
6,377,3t86
6,378,3t87
6,379,3t88
6,380,3l46
6,381,3l47
6,382,3l48
6,383,3k76
6,384,3k77
6,385,3k80
6,386,3k81
6,387,3k82
6,388,3k84
6,389,3k85
6,390,3k86
6,391,3k87
6,393,3m15
6,394,3m16
6,395,3m17
6,396,3m18
6,397,3m20
6,398,3m21
6,399,3m22
6,400,3m23
6,401,3m24
6,402,3t89
6,403,3t90
6,404,3t91
6,405,3t92
6,406,3t93
6,407,3t94
6,408,3t95
6,409,3t96
6,410,3t97
6,411,3t98
6,412,3t99
6,413,3t9a
6,414,3t9b
6,415,3t9c
6,416,3t9d
6,417,3t9e
6,418,3t9f
6,419,4l01
6,420,4l02
6,421,4l03
6,422,4l04
6,423,4l05
6,424,4l06
6,425,4l07
6,426,4l08
6,427,4l09
6,428,4l10
6,429,4l11
6,430,4l12
6,431,4l13
6,432,4l14
6,433,4l15
6,434,4k01
6,435,4k02
6,436,4k03
6,437,4k04
6,438,4k05
6,439,4k06
6,440,4k07
6,441,4k08
6,442,4k09
6,443,4k10
6,444,4k11
6,445,4k12
6,446,4k13
6,447,4k14
6,448,4k15
6,449,4k16
6,450,4k17
6,451,4k18
6,452,4k19
6,453,4k20
6,454,4k21
6,455,4k22
6,456,4k23
6,457,4k24
6,458,4t01
6,459,4t02
6,460,4t03
6,461,4t04
6,462,4t05
6,463,4t06
6,464,4t07
6,465,4t08
6,466,4t09
6,467,4t10
6,468,4t11
6,469,4t12
6,470,4u01
6,471,4u02
6,472,4u03
6,473,4u04
6,474,4u05
6,475,4u06
6,476,4u07
6,477,4u08
6,478,4u09
6,479,4u10
6,480,4u11
6,481,4u12
6,482,4u13
6,483,4u14
6,484,4u15
6,485,4u16
6,486,4u17
6,487,4u18
6,488,4u19
6,489,4u20
6,490,4u21
6,491,4u22
6,492,4w01
6,493,4w02
6,494,4w03
6,495,4w04
6,496,4w05
6,497,4l16
6,498,4l17
6,499,4l18
6,500,4l19
6,501,4t13
6,502,4t14
6,503,4t15
6,504,4t16
6,505,4t17
6,506,4t18
6,507,4m01
6,508,4k27
6,509,4k49
6,510,4k50
6,511,4k51
6,512,4m02
6,513,4m03
6,514,4m04
6,515,4t19
6,516,4t20
6,517,4t21
6,518,4t22
6,519,4l20
6,520,4l21
6,521,4l22
6,522,4l23
6,523,4l24
6,524,4l25
6,525,4k28
6,526,4k29
6,527,4k30
6,528,4k36
6,529,4k37
6,530,4k38
6,531,4k39
6,532,4k40
6,533,4k41
6,534,4k66
6,535,4k43
6,536,4k44
6,537,4k45
6,538,4k46
6,539,4k47
6,540,4u23
6,541,4u24
6,542,4u25
6,543,4u26
6,544,4u27
6,545,4t23
6,546,4t24
6,547,4t25
6,548,4t26
6,549,4t27
6,550,4k52
6,551,4k54
6,552,4k55
6,553,4k56
6,554,4k64
6,555,4k65
6,556,4k69
6,557,4k70
6,558,4k71
6,559,4l26
6,560,4l27
6,561,4t28
6,562,4t29
6,563,4t30
6,564,4t31
6,565,4t32
6,566,4t33
6,567,4l28
6,568,4k58
6,569,4l29
6,570,4l30
6,571,4l31
6,572,4l32
6,573,4l33
6,574,4k53
6,575,4k60
6,576,4k61
6,577,4k62
6,578,4k72
6,579,4k73
6,580,4k74
6,581,4k75
6,582,4k76
6,583,4k77
6,584,4k78
6,585,4k79
6,586,4t34
6,587,4m05
6,588,4t35
6,589,4t36
6,590,4t37
6,591,4t38
6,592,4k80
6,593,4t39
6,594,4t40
6,595,4t41
6,596,4t42
6,597,4t43
6,598,4t44
6,599,4t45
6,600,4t46
6,601,4t47
6,602,4t48
6,603,4t50
6,604,4t51
6,605,4t52
6,606,4t53
6,607,4l34
6,608,4m06
6,609,4k81
6,610,4k82
6,611,4t49
6,612,4t54
6,613,4t55
6,614,4t56
6,615,4t57
6,616,4t62
6,617,4l35
6,618,4l36
6,619,4l37
6,620,4k83
6,621,4t58
6,622,4t59
6,623,4t60
6,624,4t61
6,625,4t63
6,626,4t64
6,627,4t65
6,628,4t66
6,629,4t67
6,630,4t68
6,631,4t69
6,632,4l37
6,633,4l38
6,634,4m07
6,635,4k84
6,636,4t72
6,637,4t73
6,638,4t70
6,639,4t71
6,640,4m08
6,641,4z01
6,642,4z02
6,643,4z03
6,644,4z04
6,645,4z05
6,646,4z06
6,647,4z07
6,648,4z08
6,649,4z09
6,650,4z10
6,651,4z11
6,652,4z12
6,653,4l39
6,654,4l40
6,655,4l41
6,656,4l42
6,657,4t74
6,658,4t75
6,659,4t76
6,660,4t77
6,661,4t78
6,662,4l43
6,663,4t79
6,664,4t80
6,665,4t81
6,666,4t82
6,667,4t92
6,668,4t93
6,669,4t94
6,670,4t95
6,671,4k57
6,672,4t83
6,673,4t84
6,674,4t85
6,675,4t86
6,676,4t87
6,677,4t88
6,678,4t89
6,679,4t90
6,680,4t91
6,681,4t96
6,682,4t97
6,683,4t98
6,684,4m09
6,685,4m10
6,686,4m11
6,687,4m12
6,688,4k86
6,689,4k87
6,690,4k88
6,691,4t99
6,692,4l44
6,693,4t9a
6,694,4t9b
6,695,4t9c
6,696,4t9d
6,697,4t9e
6,698,4l45
6,699,5l01
6,700,5l02
6,701,5l03
6,702,5l04
6,703,5l05
6,704,5l06
6,705,5l07
6,706,5l08
6,707,5k01
6,708,5k02
6,709,5k03
6,710,5k04
6,711,5k05
6,712,5k06
6,713,5k07
6,714,5k08
6,715,5k10
6,716,5k11
6,717,5k12
6,718,5k13
6,719,5k14
6,720,5k15
6,721,5k16
6,722,5k17
6,723,5k18
6,724,5k19
6,725,5k20
6,726,5k21
6,727,5k22
6,728,5k32
6,729,5k33
6,730,5k34
6,731,5k36
6,732,5k37
6,733,5k38
6,734,5k39
6,735,5k43
6,736,5t01
6,737,5t02
6,738,5z01
6,739,5z02
6,740,5z03
6,741,5z04
6,742,5r01
6,743,5r02
6,744,5r03
6,745,5r04
6,746,5r05
6,747,5r06
6,748,5r07
6,749,5r08
6,750,5r09
6,751,5r10
6,752,5r11
6,753,5r12
6,754,5r14
6,755,5r15
6,756,5r18
6,757,5r20
6,758,5t03
6,759,5t05
6,760,5l11
6,761,5z05
6,762,5k23
6,763,5k24
6,764,5k25
6,765,5k26
6,766,5k27
6,767,5k28
6,768,5k29
6,769,5k30
6,770,5k31
6,771,5k42
6,772,5t16
6,773,5t17
6,774,5t18
6,775,5k45
6,776,5k51
6,777,5t11
6,778,5t12
6,779,5t13
6,780,5t14
6,781,5t15
6,782,5k46
6,783,5t04
6,784,5m01
6,785,5l09
6,786,5l10
6,787,5l12
6,788,5l13
6,789,5l14
6,790,5l15
6,791,5l16
6,792,5l17
6,793,5l18
6,794,5l19
6,795,5k40
6,796,5k44
6,797,5k47
6,798,5k48
6,799,5k49
6,800,5k50
6,801,5k52
6,802,5k53
6,804,5t19
6,805,5t10
6,806,5t06
6,807,5t07
6,808,5t08
6,809,5t09
6,810,5t20
6,811,5l20
6,812,5l21
6,813,5l22
6,814,5l23
6,815,5k54
6,816,5k55
6,817,5r22
6,818,5r23
6,819,5r24
6,820,5k56
6,821,5k57
6,822,5k58
6,823,5t21
6,824,5t22
6,825,5t23
6,826,5t24
6,827,5t25
6,828,5t26
6,829,5m02
6,830,5l24
6,831,5l25
6,832,5z06
6,833,5m03
6,834,5k59
6,835,5k60
6,836,5t30
6,837,5t27
6,838,5t28
6,839,5t29
6,840,5t32
6,841,5t31
6,842,5t33
6,843,5k61
6,844,5t34
6,845,5t35
6,846,5t36
6,847,5t37
6,848,5t38
6,849,5t39
6,850,6l01
6,851,6l02
6,852,6k01
6,853,6k02
6,854,6k03
6,855,6k04
6,856,6k05
6,857,6k06
6,858,6k07
6,859,6k08
6,860,6k09
6,861,6k10
6,862,6k11
6,863,6k12
6,864,6k13
6,865,6k14
6,866,6k15
6,867,6k16
6,868,6k19
6,869,6k20
6,870,6k21
6,871,6k22
6,872,6k23
6,873,6k24
6,874,6k25
6,875,6k26
6,876,6k27
6,877,6k28
6,878,6k29
6,879,6k30
6,880,6k32
6,881,6k17
6,882,6k31
6,883,6k41
6,884,6k18
6,885,6l03
6,886,6l04
6,887,6l05
6,888,6k37
6,889,6k44
6,890,6k50
6,891,6t01
6,892,6t02
6,893,6k33
6,894,6k45
6,895,6k46
6,896,6k47
6,897,6k48
6,898,6t03
6,899,6t04
6,900,6k36
6,901,6k49
6,902,6k53
6,903,6t05
6,904,6t06
6,905,6l06
6,906,6l07
6,907,6k34
6,908,6k42
6,909,6k43
6,910,6k51
6,911,6k52
6,912,6k54
6,913,6k55
6,914,6k60
6,915,6t07
6,916,6t08
6,917,6t09
6,918,6t10
6,919,6t11
6,920,6t12
6,921,6l08
6,922,6z01
6,923,6k56
6,924,6k57
6,925,6k59
6,926,6t13
6,927,6t14
6,928,6t15
6,929,6t16
6,930,6t17
6,931,6t18
6,932,6t19
6,933,6t20
6,934,6t21
6,935,6t22
6,936,6t23
6,937,6t24
6,938,6t25
6,939,6t26
6,940,6k61
6,941,6m01
6,942,6m02
6,943,6m03
6,944,6m04
5,0,1l01
5,2,1l07
5,6,1l13
5,9,1l26
5,12,1l31
5,13,1k01
5,14,1k02
5,15,1k03
5,16,1k04
5,17,1k05
5,18,1k06
5,19,1k07
5,20,1k08
5,21,1k09
5,22,1k10
5,23,1k11
5,24,1k12
5,25,1k13
5,26,1k14
5,30,1k18
5,31,1k19
5,32,1k20
5,33,1k21
5,35,1k23
5,36,1k24
5,37,1k25
5,38,1k26
5,39,1t01
5,42,1t04
5,43,1t05
5,45,1t07
5,46,1t08
5,47,1t09
5,48,1t10
5,49,1t11
5,51,1t13
5,52,1t14
5,53,1t15
5,56,1t18
5,57,1t19
5,58,1t20
5,59,1t21
5,60,1t22
5,61,1t23
5,62,1t24
5,63,1t25
5,64,1t26
5,65,1t27
5,67,2l01
5,68,2l02
5,70,2l04
5,71,2l05
5,74,2l09
5,75,2l10
5,76,2l11
5,77,2l12
5,78,2l13
5,80,2l15
5,81,2l16
5,82,2l18
5,83,2l19
5,84,2l20
5,85,2l21
5,86,2l22
5,87,2l23
5,88,2l24
5,89,2l25
5,92,2l28
5,93,2k01
5,94,2k02
5,95,2k03
5,96,2k04
5,97,2k05
5,98,2k06
5,99,2k07
5,100,2k08
5,101,2k09
5,102,2k10
5,104,2k12
5,105,2k13
5,106,2k14
5,107,2k15
5,108,2k16
5,109,2k17
5,110,2k18
5,111,2k19
5,114,2k22
5,115,2k23
5,117,2k25
5,118,2k26
5,119,2k27
5,120,2k28
5,121,2k29
5,122,2k30
5,123,2t01
5,127,2t05
5,130,2t08
5,131,2t09
5,132,2t10
5,133,2t11
5,134,2t12
5,135,2t13
5,137,2t15
5,138,2t16
5,139,2t17
5,140,2t18
5,141,2t19
5,142,2t20
5,143,2t21
5,144,2t22
5,145,2t23
5,146,2t24
5,147,2t25
5,148,2t26
5,149,2t27
5,150,2t28
5,151,2t29
5,152,2t30
5,153,2t31
5,154,2t32
5,155,2t33
5,156,2t34
5,157,2t35
5,158,2t36
5,159,2t37
5,160,2t38
5,161,2t39
5,162,2t40
5,163,2t41
5,164,2t42
5,165,2t43
5,166,2t44
5,167,2t45
5,168,2t46
5,172,3l04
5,177,3l09
5,179,3l11
5,181,3l13
5,182,3l15
5,184,3l17
5,185,3l18
5,188,3k01
5,189,3k02
5,190,3k03
5,191,3k04
5,192,3k05
5,193,3k06
5,194,3k07
5,195,3k08
5,196,3k09
5,197,3k10
5,198,3k11
5,199,3k12
5,200,3k13
5,201,3k14
5,202,3k15
5,203,3k16
5,204,3k17
5,205,3k18
5,206,3k19
5,208,3k21
5,209,3k22
5,210,3k23
5,211,3t01
5,213,3t03
5,214,3t04
5,215,3t05
5,216,3t06
5,217,3t07
5,218,3t08
5,219,3t09
5,220,3t10
5,221,3t11
5,222,3t12
5,223,3t13
5,224,3t14
5,225,3t15
5,226,3t16
5,227,3t17
5,228,3t18
5,229,3t19
5,230,3t20
5,231,3l21
5,232,3l22
5,234,3l24
5,236,3l26
5,242,3k27
5,243,3k28
5,244,3k29
5,245,3k30
5,246,3k31
5,247,3k32
5,248,3k33
5,249,3k34
5,250,3k35
5,251,3k36
5,252,3k40
5,253,3k41
5,254,3k42
5,255,3k43
5,256,3k44
5,257,3m01
5,258,3m02
5,259,3m03
5,260,3m04
5,261,3m05
5,262,3m06
5,263,3m07
5,264,3m08
5,265,3m09
5,266,3m10
5,267,3k37
5,268,3k38
5,269,3m11
5,270,3t21
5,271,3t22
5,272,3t24
5,273,3t25
5,274,3t26
5,275,3t27
5,276,3t28
5,277,3t30
5,278,3t31
5,279,3t32
5,280,3t33
5,281,3t34
5,282,3t35
5,283,3t36
5,284,3t37
5,285,3t38
5,286,3t39
5,287,3t40
5,288,3t41
5,289,3t42
5,290,3t43
5,291,3t44
5,292,3t45
5,293,3t46
5,294,3t47
5,295,3l32
5,296,3l33
5,297,3l34
5,298,3l35
5,299,3l36
5,300,3l37
5,301,3l38
5,302,3l40
5,303,3l41
5,304,3k46
5,305,3k47
5,306,3k48
5,307,3k49
5,308,3k50
5,309,3k51
5,310,3k52
5,311,3k53
5,312,3k54
5,313,3k55
5,314,3k57
5,315,3k58
5,316,3k59
5,317,3k60
5,318,3k61
5,319,3k62
5,320,3k64
5,321,3m12
5,322,3t48
5,323,3t49
5,324,3t50
5,325,3t51
5,326,3t52
5,327,3t53
5,328,3t54
5,329,3t55
5,330,3t56
5,331,3t57
5,332,3t58
5,333,3t59
5,334,3t60
5,335,3t61
5,336,3t62
5,337,3t63
5,338,3t64
5,339,3t65
5,340,3t66
5,341,3t67
5,342,3t68
5,343,3l42
5,344,3l43
5,345,3l44
5,346,3l45
5,347,3k65
5,348,3k66
5,349,3k67
5,350,3k68
5,351,3k69
5,352,3k70
5,353,3k71
5,354,3k72
5,355,3k75
5,356,3k24
5,357,3k25
5,358,3k26
5,359,3m14
5,360,3t69
5,361,3t70
5,362,3t71
5,363,3t85
5,364,3t72
5,365,3t73
5,366,3t74
5,367,3t75
5,368,3t76
5,369,3t77
5,370,3t78
5,371,3t79
5,372,3t80
5,373,3t81
5,374,3t82
5,375,3t83
5,376,3t84
5,377,3t86
5,378,3t87
5,379,3t88
5,380,3l46
5,381,3l47
5,382,3l48
5,383,3k76
5,384,3k77
5,385,3k80
5,386,3k81
5,387,3k82
5,388,3k84
5,389,3k85
5,390,3k86
5,391,3k87
5,393,3m15
5,394,3m16
5,395,3m17
5,396,3m18
5,397,3m20
5,398,3m21
5,399,3m22
5,400,3m23
5,401,3m24
5,402,3t89
5,403,3t90
5,404,3t91
5,405,3t92
5,406,3t93
5,407,3t94
5,408,3t95
5,409,3t96
5,410,3t97
5,411,3t98
5,412,3t99
5,413,3t9a
5,414,3t9b
5,415,3t9c
5,416,3t9d
5,417,3t9e
5,418,3t9f
5,420,4l02
5,421,4l03
5,422,4l04
5,423,4l05
5,424,4l06
5,425,4l07
5,426,4l08
5,427,4l09
5,428,4l10
5,430,4l12
5,431,4l13
5,432,4l14
5,433,4l15
5,434,4k01
5,436,4k03
5,437,4k04
5,438,4k05
5,439,4k06
5,440,4k07
5,441,4k08
5,442,4k09
5,443,4k10
5,444,4k11
5,445,4k12
5,446,4k13
5,447,4k14
5,448,4k15
5,449,4k16
5,450,4k17
5,451,4k18
5,452,4k19
5,453,4k20
5,454,4k21
5,455,4k22
5,456,4k23
5,457,4k24
5,458,4t01
5,459,4t02
5,460,4t03
5,462,4t05
5,463,4t06
5,464,4t07
5,465,4t08
5,466,4t09
5,467,4t10
5,468,4t11
5,492,4w01
5,493,4w02
5,494,4w03
5,495,4w04
5,496,4w05
5,497,4l16
5,498,4l17
5,499,4l18
5,500,4l19
5,501,4t13
5,502,4t14
5,503,4t15
5,504,4t16
5,505,4t17
5,506,4t18
5,507,4m01
5,508,4k27
5,509,4k49
5,510,4k50
5,511,4k51
5,512,4m02
5,513,4m03
5,514,4m04
5,515,4t19
5,516,4t20
5,517,4t21
5,518,4t22
5,519,4l20
5,520,4l21
5,521,4l22
5,522,4l23
5,523,4l24
5,524,4l25
5,525,4k28
5,526,4k29
5,527,4k30
5,528,4k36
5,529,4k37
5,530,4k38
5,531,4k39
5,532,4k40
5,533,4k41
5,534,4k66
5,535,4k43
5,536,4k44
5,537,4k45
5,538,4k46
5,539,4k47
5,545,4t23
5,546,4t24
5,547,4t25
5,548,4t26
5,549,4t27
5,550,4k52
5,551,4k54
5,552,4k55
5,553,4k56
5,554,4k64
5,555,4k65
5,556,4k69
5,557,4k70
5,558,4k71
5,559,4l26
5,560,4l27
5,561,4t28
5,562,4t29
5,563,4t30
5,564,4t31
5,565,4t32
5,566,4t33
5,567,4l28
5,568,4k58
5,569,4l29
5,570,4l30
5,571,4l31
5,572,4l32
5,573,4l33
5,574,4k53
5,575,4k60
5,576,4k61
5,577,4k62
5,578,4k72
5,579,4k73
5,581,4k75
5,583,4k77
5,585,4k79
5,586,4t34
5,587,4m05
5,588,4t35
5,589,4t36
5,590,4t37
5,591,4t38
5,593,4t39
5,594,4t40
5,595,4t41
5,596,4t42
5,597,4t43
5,598,4t44
5,599,4t45
5,600,4t46
5,601,4t47
5,602,4t48
5,603,4t50
5,604,4t51
5,605,4t52
5,606,4t53
5,607,4l34
5,608,4m06
5,609,4k81
5,610,4k82
5,611,4t49
5,612,4t54
5,613,4t55
5,614,4t56
5,615,4t57
5,616,4t62
5,617,4l35
5,618,4l36
5,619,4l37
5,620,4k83
5,621,4t58
5,622,4t59
5,623,4t60
5,624,4t61
5,625,4t63
5,626,4t64
5,627,4t65
5,628,4t66
5,629,4t67
5,630,4t68
5,631,4t69
5,632,4l37
5,633,4l38
5,634,4m07
5,635,4k84
5,636,4t72
5,637,4t73
5,638,4t70
5,639,4t71
5,640,4m08
5,641,4z01
5,642,4z02
5,643,4z03
5,644,4z04
5,645,4z05
5,646,4z06
5,647,4z07
5,648,4z08
5,649,4z09
5,650,4z10
5,651,4z11
5,652,4z12
5,653,4l39
5,654,4l40
5,655,4l41
5,656,4l42
5,657,4t74
5,658,4t75
5,659,4t76
5,660,4t77
5,661,4t78
5,662,4l43
5,663,4t79
5,664,4t80
5,665,4t81
5,666,4t82
5,667,4t92
5,668,4t93
5,669,4t94
5,670,4t95
5,671,4k57
5,672,4t83
5,673,4t84
5,674,4t85
5,675,4t86
5,676,4t87
5,677,4t88
5,678,4t89
5,679,4t90
5,680,4t91
5,681,4t96
5,682,4t97
5,683,4t98
5,684,4m09
5,685,4m10
5,686,4m11
5,687,4m12
5,688,4k86
5,689,4k87
5,692,4l44
5,693,4t9a
5,694,4t9b
5,695,4t9c
5,696,4t9d
5,697,4t9e
5,698,4l45
5,699,5l01
5,700,5l02
5,701,5l03
5,702,5l04
5,703,5l05
5,704,5l06
5,705,5l07
5,706,5l08
5,707,5k01
5,708,5k02
5,709,5k03
5,710,5k04
5,711,5k05
5,712,5k06
5,713,5k07
5,714,5k08
5,715,5k10
5,716,5k11
5,717,5k12
5,718,5k13
5,719,5k14
5,720,5k15
5,721,5k16
5,722,5k17
5,723,5k18
5,724,5k19
5,725,5k20
5,726,5k21
5,727,5k22
5,728,5k32
5,729,5k33
5,730,5k34
5,731,5k36
5,732,5k37
5,733,5k38
5,734,5k39
5,735,5k43
5,736,5t01
5,737,5t02
5,738,5z01
5,739,5z02
5,740,5z03
5,741,5z04
5,742,5r01
5,743,5r02
5,744,5r03
5,745,5r04
5,746,5r05
5,747,5r06
5,748,5r07
5,749,5r08
5,750,5r09
5,751,5r10
5,752,5r11
5,753,5r12
5,754,5r14
5,755,5r15
5,756,5r18
5,757,5r20
5,758,5t03
5,759,5t05
5,760,5l11
5,761,5z05
5,762,5k23
5,763,5k24
5,764,5k25
5,765,5k26
5,766,5k27
5,767,5k28
5,768,5k29
5,769,5k30
5,770,5k31
5,771,5k42
5,772,5t16
5,773,5t17
5,774,5t18
5,775,5k45
5,776,5k51
5,777,5t11
5,778,5t12
5,779,5t13
5,780,5t14
5,781,5t15
5,784,5m01
5,785,5l09
5,786,5l10
5,787,5l12
5,788,5l13
5,789,5l14
5,790,5l15
5,791,5l16
5,792,5l17
5,793,5l18
5,794,5l19
5,795,5k40
5,796,5k44
5,797,5k47
5,798,5k48
5,799,5k49
5,800,5k50
5,801,5k52
5,802,5k53
5,804,5t19
5,805,5t10
5,806,5t06
5,807,5t07
5,808,5t08
5,809,5t09
5,810,5t20
5,811,5l20
5,812,5l21
5,813,5l22
5,814,5l23
5,815,5k54
5,816,5k55
5,817,5r22
5,818,5r23
5,819,5r24
5,820,5k56
5,821,5k57
5,822,5k58
5,823,5t21
5,824,5t22
5,825,5t23
5,826,5t24
5,827,5t25
5,828,5t26
5,830,5l24
5,831,5l25
5,833,5m03
5,834,5k59
5,835,5k60
5,836,5t30
5,837,5t27
5,838,5t28
5,839,5t29
5,840,5t32
5,841,5t31
5,842,5t33
5,843,5k61
5,844,5t34
5,845,5t35
5,846,5t36
5,847,5t37
5,848,5t38
5,849,5t39
4,0,1l01
4,1,1l03
4,2,1l07
4,3,1l08
4,4,1l11
4,5,1l12
4,6,1l13
4,7,1l21
4,8,1l24
4,9,1l26
4,10,1l27
4,11,1l28
4,12,1l31
4,13,1k01
4,14,1k02
4,15,1k03
4,16,1k04
4,17,1k05
4,18,1k06
4,19,1k07
4,20,1k08
4,21,1k09
4,22,1k10
4,23,1k11
4,24,1k12
4,25,1k13
4,26,1k14
4,27,1k15
4,28,1k16
4,29,1k17
4,30,1k18
4,31,1k19
4,32,1k20
4,33,1k21
4,34,1k22
4,35,1k23
4,36,1k24
4,37,1k25
4,38,1k26
4,39,1t01
4,40,1t02
4,41,1t03
4,42,1t04
4,43,1t05
4,44,1t06
4,45,1t07
4,46,1t08
4,47,1t09
4,48,1t10
4,49,1t11
4,50,1t12
4,51,1t13
4,52,1t14
4,53,1t15
4,54,1t16
4,55,1t17
4,56,1t18
4,57,1t19
4,58,1t20
4,59,1t21
4,60,1t22
4,61,1t23
4,62,1t24
4,63,1t25
4,64,1t26
4,65,1t27
4,66,1t28
4,67,2l01
4,68,2l02
4,69,2l03
4,70,2l04
4,71,2l05
4,72,2l06
4,73,2l07
4,74,2l09
4,75,2l10
4,76,2l11
4,77,2l12
4,78,2l13
4,79,2l14
4,80,2l15
4,81,2l16
4,82,2l18
4,83,2l19
4,84,2l20
4,85,2l21
4,86,2l22
4,87,2l23
4,88,2l24
4,89,2l25
4,90,2l26
4,91,2l27
4,92,2l28
4,93,2k01
4,94,2k02
4,95,2k03
4,96,2k04
4,97,2k05
4,98,2k06
4,99,2k07
4,100,2k08
4,101,2k09
4,102,2k10
4,103,2k11
4,104,2k12
4,105,2k13
4,106,2k14
4,107,2k15
4,108,2k16
4,109,2k17
4,110,2k18
4,111,2k19
4,112,2k20
4,113,2k21
4,114,2k22
4,115,2k23
4,116,2k24
4,117,2k25
4,118,2k26
4,119,2k27
4,120,2k28
4,121,2k29
4,122,2k30
4,123,2t01
4,124,2t02
4,125,2t03
4,126,2t04
4,127,2t05
4,128,2t06
4,129,2t07
4,130,2t08
4,131,2t09
4,132,2t10
4,133,2t11
4,134,2t12
4,135,2t13
4,136,2t14
4,137,2t15
4,138,2t16
4,139,2t17
4,140,2t18
4,141,2t19
4,142,2t20
4,143,2t21
4,144,2t22
4,145,2t23
4,146,2t24
4,147,2t25
4,148,2t26
4,149,2t27
4,150,2t28
4,151,2t29
4,152,2t30
4,153,2t31
4,154,2t32
4,155,2t33
4,156,2t34
4,157,2t35
4,158,2t36
4,159,2t37
4,160,2t38
4,161,2t39
4,162,2t40
4,163,2t41
4,164,2t42
4,165,2t43
4,166,2t44
4,167,2t45
4,168,2t46
4,169,3l01
4,170,3l02
4,171,3l03
4,172,3l04
4,173,3l05
4,174,3l06
4,175,3l07
4,176,3l08
4,177,3l09
4,178,3l10
4,179,3l11
4,180,3l12
4,181,3l13
4,182,3l15
4,183,3l16
4,184,3l17
4,185,3l18
4,186,3l19
4,187,3l20
4,188,3k01
4,189,3k02
4,190,3k03
4,191,3k04
4,192,3k05
4,193,3k06
4,194,3k07
4,195,3k08
4,196,3k09
4,197,3k10
4,198,3k11
4,199,3k12
4,200,3k13
4,201,3k14
4,202,3k15
4,203,3k16
4,204,3k17
4,205,3k18
4,206,3k19
4,207,3k20
4,208,3k21
4,209,3k22
4,210,3k23
4,211,3t01
4,212,3t02
4,213,3t03
4,214,3t04
4,215,3t05
4,216,3t06
4,217,3t07
4,218,3t08
4,219,3t09
4,220,3t10
4,221,3t11
4,222,3t12
4,223,3t13
4,224,3t14
4,225,3t15
4,226,3t16
4,227,3t17
4,228,3t18
4,229,3t19
4,230,3t20
4,231,3l21
4,232,3l22
4,233,3l23
4,234,3l24
4,235,3l25
4,236,3l26
4,237,3l27
4,238,3l28
4,239,3l29
4,240,3l30
4,241,3l31
4,242,3k27
4,243,3k28
4,244,3k29
4,245,3k30
4,246,3k31
4,247,3k32
4,248,3k33
4,249,3k34
4,250,3k35
4,251,3k36
4,252,3k40
4,253,3k41
4,254,3k42
4,255,3k43
4,256,3k44
4,257,3m01
4,258,3m02
4,259,3m03
4,260,3m04
4,261,3m05
4,262,3m06
4,263,3m07
4,264,3m08
4,265,3m09
4,266,3m10
4,267,3k37
4,268,3k38
4,269,3m11
4,270,3t21
4,271,3t22
4,272,3t24
4,273,3t25
4,274,3t26
4,275,3t27
4,276,3t28
4,277,3t30
4,278,3t31
4,279,3t32
4,280,3t33
4,281,3t34
4,282,3t35
4,283,3t36
4,284,3t37
4,285,3t38
4,286,3t39
4,287,3t40
4,288,3t41
4,289,3t42
4,290,3t43
4,291,3t44
4,292,3t45
4,293,3t46
4,294,3t47
4,295,3l32
4,296,3l33
4,297,3l34
4,298,3l35
4,299,3l36
4,300,3l37
4,301,3l38
4,302,3l40
4,303,3l41
4,304,3k46
4,305,3k47
4,306,3k48
4,307,3k49
4,308,3k50
4,309,3k51
4,310,3k52
4,311,3k53
4,312,3k54
4,313,3k55
4,314,3k57
4,315,3k58
4,316,3k59
4,317,3k60
4,318,3k61
4,319,3k62
4,320,3k64
4,321,3m12
4,322,3t48
4,323,3t49
4,324,3t50
4,325,3t51
4,326,3t52
4,327,3t53
4,328,3t54
4,329,3t55
4,330,3t56
4,331,3t57
4,332,3t58
4,333,3t59
4,334,3t60
4,335,3t61
4,336,3t62
4,337,3t63
4,338,3t64
4,339,3t65
4,340,3t66
4,341,3t67
4,342,3t68
4,343,3l42
4,344,3l43
4,345,3l44
4,346,3l45
4,347,3k65
4,348,3k66
4,349,3k67
4,350,3k68
4,351,3k69
4,352,3k70
4,353,3k71
4,354,3k72
4,355,3k75
4,356,3k24
4,357,3k25
4,358,3k26
4,359,3m14
4,360,3t69
4,361,3t70
4,362,3t71
4,363,3t85
4,364,3t72
4,365,3t73
4,366,3t74
4,367,3t75
4,368,3t76
4,369,3t77
4,370,3t78
4,371,3t79
4,372,3t80
4,373,3t81
4,374,3t82
4,375,3t83
4,376,3t84
4,377,3t86
4,378,3t87
4,379,3t88
4,380,3l46
4,381,3l47
4,382,3l48
4,383,3k76
4,384,3k77
4,385,3k80
4,386,3k81
4,387,3k82
4,388,3k84
4,389,3k85
4,390,3k86
4,391,3k87
4,393,3m15
4,394,3m16
4,395,3m17
4,396,3m18
4,397,3m20
4,398,3m21
4,399,3m22
4,400,3m23
4,401,3m24
4,402,3t89
4,403,3t90
4,404,3t91
4,405,3t92
4,406,3t93
4,407,3t94
4,408,3t95
4,409,3t96
4,410,3t97
4,411,3t98
4,412,3t99
4,413,3t9a
4,414,3t9b
4,415,3t9c
4,416,3t9d
4,417,3t9e
4,418,3t9f
4,419,4l01
4,420,4l02
4,421,4l03
4,422,4l04
4,423,4l05
4,424,4l06
4,425,4l07
4,426,4l08
4,427,4l09
4,428,4l10
4,429,4l11
4,430,4l12
4,431,4l13
4,432,4l14
4,433,4l15
4,434,4k01
4,435,4k02
4,436,4k03
4,437,4k04
4,438,4k05
4,439,4k06
4,440,4k07
4,441,4k08
4,442,4k09
4,443,4k10
4,444,4k11
4,445,4k12
4,446,4k13
4,447,4k14
4,448,4k15
4,449,4k16
4,450,4k17
4,451,4k18
4,452,4k19
4,453,4k20
4,454,4k21
4,455,4k22
4,456,4k23
4,457,4k24
4,458,4t01
4,459,4t02
4,460,4t03
4,461,4t04
4,462,4t05
4,463,4t06
4,464,4t07
4,465,4t08
4,466,4t09
4,467,4t10
4,468,4t11
4,469,4t12
4,470,4u01
4,471,4u02
4,472,4u03
4,473,4u04
4,474,4u05
4,475,4u06
4,476,4u07
4,477,4u08
4,478,4u09
4,479,4u10
4,480,4u11
4,481,4u12
4,482,4u13
4,483,4u14
4,484,4u15
4,485,4u16
4,486,4u17
4,487,4u18
4,488,4u19
4,489,4u20
4,490,4u21
4,491,4u22
4,492,4w01
4,493,4w02
4,494,4w03
4,495,4w04
4,496,4w05
4,497,4l16
4,498,4l17
4,499,4l18
4,500,4l19
4,501,4t13
4,502,4t14
4,503,4t15
4,504,4t16
4,505,4t17
4,506,4t18
4,507,4m01
4,508,4k27
4,509,4k49
4,510,4k50
4,511,4k51
4,512,4m02
4,513,4m03
4,514,4m04
4,515,4t19
4,516,4t20
4,517,4t21
4,518,4t22
4,519,4l20
4,520,4l21
4,521,4l22
4,522,4l23
4,523,4l24
4,524,4l25
4,525,4k28
4,526,4k29
4,527,4k30
4,528,4k36
4,529,4k37
4,530,4k38
4,531,4k39
4,532,4k40
4,533,4k41
4,534,4k66
4,535,4k43
4,536,4k44
4,537,4k45
4,538,4k46
4,539,4k47
4,540,4u23
4,541,4u24
4,542,4u25
4,543,4u26
4,544,4u27
4,545,4t23
4,546,4t24
4,547,4t25
4,548,4t26
4,549,4t27
4,550,4k52
4,551,4k54
4,552,4k55
4,553,4k56
4,554,4k64
4,555,4k65
4,556,4k69
4,557,4k70
4,558,4k71
4,559,4l26
4,560,4l27
4,561,4t28
4,562,4t29
4,563,4t30
4,564,4t31
4,565,4t32
4,566,4t33
4,567,4l28
4,568,4k58
4,569,4l29
4,570,4l30
4,571,4l31
4,572,4l32
4,573,4l33
4,574,4k53
4,575,4k60
4,576,4k61
4,577,4k62
4,578,4k72
4,579,4k73
4,580,4k74
4,581,4k75
4,582,4k76
4,583,4k77
4,584,4k78
4,585,4k79
4,586,4t34
4,587,4m05
4,588,4t35
4,589,4t36
4,590,4t37
4,591,4t38
4,592,4k80
4,593,4t39
4,594,4t40
4,595,4t41
4,596,4t42
4,597,4t43
4,598,4t44
4,599,4t45
4,600,4t46
4,601,4t47
4,602,4t48
4,603,4t50
4,604,4t51
4,605,4t52
4,606,4t53
4,607,4l34
4,608,4m06
4,609,4k81
4,610,4k82
4,611,4t49
4,612,4t54
4,613,4t55
4,614,4t56
4,615,4t57
4,616,4t62
4,617,4l35
4,618,4l36
4,619,4l37
4,620,4k83
4,621,4t58
4,622,4t59
4,623,4t60
4,624,4t61
4,625,4t63
4,626,4t64
4,627,4t65
4,628,4t66
4,629,4t67
4,630,4t68
4,631,4t69
4,632,4l37
4,633,4l38
4,634,4m07
4,635,4k84
4,636,4t72
4,637,4t73
4,638,4t70
4,639,4t71
4,640,4m08
4,641,4z01
4,642,4z02
4,643,4z03
4,644,4z04
4,645,4z05
4,646,4z06
4,647,4z07
4,648,4z08
4,649,4z09
4,650,4z10
4,651,4z11
4,652,4z12
4,653,4l39
4,654,4l40
4,655,4l41
4,656,4l42
4,657,4t74
4,658,4t75
4,659,4t76
4,660,4t77
4,661,4t78
4,662,4l43
4,663,4t79
4,664,4t80
4,665,4t81
4,666,4t82
4,667,4t92
4,668,4t93
4,669,4t94
4,670,4t95
4,671,4k57
4,672,4t83
4,673,4t84
4,674,4t85
4,675,4t86
4,676,4t87
4,677,4t88
4,678,4t89
4,679,4t90
4,680,4t91
4,681,4t96
4,682,4t97
4,683,4t98
4,684,4m09
4,685,4m10
4,686,4m11
4,687,4m12
4,688,4k86
4,689,4k87
4,690,4k88
4,691,4t99
4,692,4l44
4,693,4t9a
4,694,4t9b
4,695,4t9c
4,696,4t9d
4,697,4t9e
4,698,4l45
3,0,1l01
3,1,1l03
3,2,1l04
3,3,1l07
3,4,1l08
3,5,1l11
3,6,1l12
3,7,1l13
3,8,1l15
3,9,1l16
3,10,1l18
3,11,1l20
3,12,1l21
3,13,1l23
3,14,1l24
3,15,1l25
3,16,1l26
3,17,1l27
3,18,1l28
3,19,1l31
3,20,1l32
3,21,1l33
3,22,1k01
3,23,1k02
3,24,1k03
3,25,1k04
3,26,1k05
3,27,1k06
3,28,1k07
3,29,1k08
3,30,1k09
3,31,1k10
3,32,1k11
3,33,1k12
3,34,1k13
3,35,1k14
3,36,1k15
3,37,1k16
3,38,1k17
3,39,1k18
3,40,1k19
3,41,1k20
3,42,1k21
3,43,1k22
3,44,1k23
3,45,1k24
3,46,1k25
3,47,1k26
3,48,1t01
3,49,1t02
3,50,1t03
3,51,1t04
3,52,1t05
3,53,1t06
3,54,1t07
3,55,1t08
3,56,1t09
3,57,1t10
3,58,1t11
3,59,1t12
3,60,1t13
3,61,1t14
3,62,1t15
3,63,1t16
3,64,1t17
3,65,1t18
3,66,1t19
3,67,1t20
3,68,1t21
3,69,1t22
3,70,1t23
3,71,1t24
3,72,1t25
3,73,1t26
3,74,1t27
3,75,1t28
3,76,2l01
3,77,2l02
3,78,2l03
3,79,2l04
3,80,2l05
3,81,2l06
3,82,2l07
3,83,2l08
3,84,2l09
3,85,2l10
3,86,2l11
3,87,2l12
3,88,2l13
3,89,2l14
3,90,2l15
3,91,2l16
3,92,2l17
3,93,2l18
3,94,2l19
3,95,2l20
3,96,2l21
3,97,2l22
3,98,2l23
3,99,2l24
3,100,2l25
3,101,2l26
3,102,2l27
3,103,2l28
3,104,2k01
3,105,2k02
3,106,2k03
3,107,2k04
3,108,2k05
3,109,2k06
3,110,2k07
3,111,2k08
3,112,2k09
3,113,2k10
3,114,2k11
3,115,2k12
3,116,2k13
3,117,2k14
3,118,2k15
3,119,2k16
3,120,2k17
3,121,2k18
3,122,2k19
3,123,2k20
3,124,2k21
3,125,2k22
3,126,2k23
3,127,2k24
3,128,2k25
3,129,2k26
3,130,2k27
3,131,2k28
3,132,2k29
3,133,2k30
3,134,2t01
3,135,2t02
3,136,2t03
3,137,2t04
3,138,2t05
3,139,2t06
3,140,2t07
3,141,2t08
3,142,2t09
3,143,2t10
3,144,2t11
3,145,2t12
3,146,2t13
3,147,2t14
3,148,2t15
3,149,2t16
3,150,2t17
3,151,2t18
3,152,2t19
3,153,2t20
3,154,2t21
3,155,2t22
3,156,2t23
3,157,2t24
3,158,2t25
3,159,2t26
3,160,2t27
3,161,2t28
3,162,2t29
3,163,2t30
3,164,2t31
3,165,2t32
3,166,2t33
3,167,2t34
3,168,2t35
3,169,2t36
3,170,2t37
3,171,2t38
3,172,2t39
3,173,2t40
3,174,2t41
3,175,2t42
3,176,2t43
3,177,2t44
3,178,2t45
3,179,2t46
3,180,3l01
3,181,3l02
3,182,3l03
3,183,3l04
3,184,3l05
3,185,3l06
3,186,3l07
3,187,3l08
3,188,3l09
3,189,3l10
3,190,3l11
3,191,3l12
3,192,3l13
3,193,3l15
3,194,3l16
3,195,3l17
3,196,3l18
3,197,3l19
3,198,3l20
3,199,3k01
3,200,3k02
3,201,3k03
3,202,3k04
3,203,3k05
3,204,3k06
3,205,3k07
3,206,3k08
3,207,3k09
3,208,3k10
3,209,3k11
3,210,3k12
3,211,3k13
3,212,3k14
3,213,3k15
3,214,3k16
3,215,3k17
3,216,3k18
3,217,3k19
3,218,3k20
3,219,3t01
3,220,3t02
3,221,3t03
3,222,3k21
3,223,3k22
3,224,3k23
3,227,3t04
3,228,3t05
3,229,3t06
3,230,3t07
3,231,3t08
3,232,3t09
3,233,3t10
3,234,3t11
3,235,3t12
3,236,3t13
3,237,3t14
3,238,3t15
3,239,3t16
3,240,3t17
3,241,3t18
3,242,3t19
3,243,3t20
3,244,3l21
3,245,3l22
3,246,3l23
3,247,3l24
3,248,3l25
3,249,3l26
3,250,3l27
3,251,3l28
3,252,3l29
3,253,3l30
3,254,3l31
3,258,3k27
3,259,3k28
3,260,3k29
3,261,3k30
3,262,3k31
3,263,3k32
3,264,3k33
3,265,3k34
3,266,3k35
3,267,3k36
3,268,3k37
3,269,3k38
3,271,3k40
3,272,3k41
3,273,3k42
3,274,3k43
3,275,3k44
3,276,3t21
3,277,3t22
3,279,3t24
3,280,3t25
3,281,3t26
3,282,3t27
3,283,3t28
3,285,3t30
3,286,3t31
3,287,3t32
3,288,3t33
3,289,3t34
3,290,3m01
3,291,3m02
3,292,3m03
3,293,3m04
3,294,3m05
3,295,3m06
3,296,3m07
3,297,3m08
3,298,3m09
3,299,3m10
3,300,3t35
3,301,3t36
3,302,3t37
3,303,3t38
3,304,3t39
3,305,3t40
3,306,3t41
3,307,3t42
3,308,3t43
3,309,3t44
3,310,3t45
3,311,3t46
3,312,3t47
3,313,3m11
3,314,3l32
3,315,3l33
3,316,3l34
3,317,3l35
3,318,3l36
3,319,3l37
3,320,3l38
3,322,3k46
3,323,3k47
3,324,3k48
3,325,3k49
3,326,3k50
3,327,3k51
3,328,3k52
3,329,3k53
3,330,3k54
3,331,3k55
3,333,3k57
3,334,3k58
3,335,3k59
3,336,3k60
3,337,3k61
3,338,3k62
3,340,3k64
3,341,3l40
3,342,3t48
3,343,3t49
3,344,3t50
3,345,3t51
3,346,3t52
3,347,3t53
3,348,3t54
3,349,3t55
3,350,3t56
3,351,3t57
3,352,3t58
3,353,3t59
3,354,3t60
3,355,3t61
3,356,3t62
3,357,3t63
3,358,3t64
3,359,3t65
3,360,3l41
3,361,3t66
3,362,3t67
3,363,3t68
3,364,3m12
3,365,3l42
3,366,3l43
3,367,3l44
3,368,3l45
3,370,3k65
3,371,3k66
3,372,3k67
3,373,3k68
3,374,3k69
3,375,3k70
3,376,3k71
3,377,3k72
3,378,3k73
3,379,3k74
3,380,3k75
3,381,3t69
3,382,3t70
3,383,3t71
3,384,3t85
3,385,3k24
3,386,3k25
3,387,3k26
3,388,3t72
3,389,3t73
3,390,3t74
3,391,3t75
3,392,3t76
3,393,3t77
3,394,3t78
3,395,3t79
3,396,3t80
3,397,3t81
3,398,3t82
3,399,3t83
3,400,3t84
3,401,3m14
3,402,3t86
3,403,3t87
3,404,3t88
3,405,3k76
3,406,3k77
3,407,3k78
3,408,3l46
3,409,3k80
3,410,3k81
3,411,3k82
3,412,3k83
3,413,3k84
3,414,3k85
3,415,3k86
3,416,3k87
3,417,3k88
3,418,3t89
3,419,3t90
3,420,3t91
3,421,3t92
3,422,3t93
3,423,3t94
3,424,3t95
3,425,3t96
3,426,3t97
3,427,3m15
3,428,3m16
3,429,3m17
3,430,3m18
3,431,3m20
3,432,3m21
3,433,3m22
3,434,3m23
3,435,3m24
3,436,3x99
3,437,3t98
3,438,3t99
3,439,3t9a
3,440,3l47
3,441,3l48
3,442,3t9b
2,0,1l01
2,1,1l03
2,2,1l04
2,3,1l06
2,4,1l07
2,5,1l08
2,6,1l09
2,7,1l10
2,8,1l11
2,9,1l12
2,10,1l13
2,11,1l15
2,12,1l16
2,13,1l17
2,14,1l18
2,15,1l19
2,16,1l20
2,17,1l21
2,18,1l23
2,19,1l24
2,20,1l25
2,21,1l26
2,22,1l27
2,23,1l28
2,24,1l29
2,25,1l30
2,26,1l31
2,27,1l32
2,28,1l33
2,29,1l34
2,30,1k01
2,31,1k02
2,32,1k03
2,33,1k04
2,34,1k05
2,35,1k06
2,36,1k07
2,37,1k08
2,38,1k09
2,39,1k10
2,40,1k11
2,41,1k12
2,42,1k13
2,43,1k14
2,44,1k15
2,45,1k16
2,46,1k17
2,47,1k18
2,48,1k19
2,49,1k20
2,50,1k21
2,51,1k22
2,52,1k23
2,53,1k24
2,54,1k25
2,55,1k26
2,56,1t01
2,57,1t02
2,58,1t03
2,59,1t04
2,60,1t05
2,61,1t06
2,62,1t07
2,63,1t08
2,64,1t09
2,65,1t10
2,66,1t11
2,67,1t12
2,68,1t13
2,69,1t14
2,70,1t15
2,71,1t16
2,72,1t17
2,73,1t18
2,74,1t19
2,75,1t20
2,76,1t21
2,77,1t22
2,78,1t23
2,79,1t24
2,80,1t25
2,81,1t26
2,82,1t27
2,83,1t28
2,84,2l01
2,85,2l02
2,86,2l03
2,87,2l04
2,88,2l05
2,89,2l06
2,90,2l07
2,91,2l08
2,92,2l09
2,93,2l10
2,94,2l11
2,95,2l12
2,96,2l13
2,97,2l14
2,98,2l15
2,99,2l16
2,100,2l17
2,101,2l18
2,102,2l19
2,103,2l20
2,104,2l21
2,105,2l22
2,106,2l23
2,107,2l24
2,108,2l25
2,109,2l26
2,110,2l27
2,111,2l28
2,112,2k01
2,113,2k02
2,114,2k03
2,115,2k04
2,116,2k05
2,117,2k06
2,118,2k07
2,119,2k08
2,120,2k09
2,121,2k10
2,122,2k11
2,123,2k12
2,124,2k13
2,125,2k14
2,126,2k15
2,127,2k16
2,128,2k17
2,129,2k18
2,130,2k19
2,131,2k20
2,132,2k21
2,133,2k22
2,134,2k23
2,135,2k24
2,136,2k25
2,137,2k26
2,138,2t01
2,139,2t02
2,140,2t03
2,141,2t04
2,142,2t05
2,143,2t06
2,144,2t07
2,145,2t08
2,146,2t09
2,147,2t10
2,148,2t11
2,149,2t12
2,150,2t13
2,151,2t14
2,152,2t15
2,153,2t16
2,154,2t17
2,155,2t18
2,156,2t19
2,157,2t20
2,158,2t21
2,159,2t22
2,160,2t23
2,161,2t24
2,162,2t25
2,163,2t26
2,164,2t27
2,165,2t28
2,166,2t29
2,167,2t30
2,168,2t31
2,169,2t32
2,170,2t33
2,171,2t34
2,172,2t35
2,173,2t36
2,174,2t37
2,175,2t38
2,176,2t39
2,177,2t40
2,178,2t41
2,179,2t42
2,180,2t43
2,181,2t44
2,182,2t45
2,183,2k27
2,184,2k28
2,185,2k29
2,186,2k30
2,187,2t46
2,188,3k04
2,189,3k07
2,190,3k13
1,0,1l01
1,1,1l02
1,2,1l03
1,3,1l04
1,4,1l05
1,5,1l06
1,6,1l07
1,7,1l08
1,8,1l09
1,9,1l10
1,10,1l11
1,11,1l12
1,12,1l13
1,13,1l14
1,14,1l15
1,15,1l16
1,16,1l17
1,17,1l18
1,18,1l19
1,19,1l20
1,20,1l21
1,21,1l22
1,22,1l23
1,23,1k01
1,24,1k02
1,25,1k03
1,26,1k04
1,27,1k05
1,28,1k06
1,29,1k07
1,30,1k08
1,31,1k09
1,32,1k10
1,33,1k11
1,34,1k12
1,35,1k13
1,36,1k14
1,37,1k15
1,38,1k16
1,39,1k17
1,40,1k18
1,41,1k19
1,42,1k20
1,43,1k21
1,44,1k22
1,45,1k23
1,46,1t01
1,47,1t02
1,48,1t03
1,49,1t04
1,50,1t05
1,51,1t06
1,52,1t07
1,53,1t08
1,54,1t09
1,55,1t10
1,56,1t11
1,57,1t12
1,58,1t13
1,59,1l24
1,60,1l25
1,61,1l26
1,62,1l27
1,63,1l28
1,64,1l29
1,65,1l30
1,66,1l31
1,67,1l32
1,68,1l33
1,69,1l34
1,70,1t16
1,71,1t17
1,72,1t18
1,73,1t19
1,74,1t14
1,75,1t15
1,76,1t20
1,77,1t21
1,78,1k24
1,79,1k25
1,80,1k26
1,81,2k08
1,82,2k10
1,83,2k11
1,84,2k14
1,85,1t22
1,86,1t23
1,87,1t24
1,88,1t25
1,89,1t26
1,90,1t27
1,91,1t28
1,92,2t08
